file_gopro;raw_arcgis;ransac_arcgis;H_arcgis;F_arcgis;time_arcgis;ransac_rot_arcgis;H_rotarcgis;F_rotarcgis;time_rot_arcgis;raw_google;ransac_google;H_google;F_google;time_google;ransac_rot_google;H_rotgoogle;F_rotgoogle;time_rot_google;raw_geoportal;ransac_geoportal;H_geoportal;F_geoportal;time_geoportal;ransac_rot_geoportal;H_rotgeoportal;F_rotgeoportal;time_rot_geoportal
10001.jpg;0;0;;;1146;0;;;418;0;0;;;425;0;;;414;0;0;;;410;0;;;407
10067.jpg;0;0;;;422;0;;;418;0;0;;;411;0;;;405;0;0;;;424;0;;;408
10072.jpg;0;0;;;452;0;;;419;0;0;;;420;0;;;399;0;0;;;465;0;;;405
10142.jpg;0;0;;;422;0;;;412;0;0;;;422;2;;;416;1;1;;;428;1;;;418
10189.jpg;0;0;;;424;0;;;404;0;0;;;424;0;;;410;0;0;;;415;1;;;419
10214.jpg;0;0;;;511;1;;;406;0;0;;;430;2;;;428;0;0;;;417;0;;;494
10286.jpg;0;0;;;423;1;;;412;1;1;;;428;0;;;412;0;0;;;423;0;;;417
10307.jpg;0;0;;;522;0;;;400;0;0;;;456;2;;;420;0;0;;;485;2;;;419
10358.jpg;0;0;;;419;0;;;400;0;0;;;420;1;;;413;0;0;;;417;0;;;398
10427.jpg;0;0;;;423;0;;;417;0;0;;;427;4;;;411;0;0;;;485;0;;;420
10430.jpg;0;0;;;424;0;;;406;0;0;;;424;2;;;422;0;0;;;420;1;;;420
10499.jpg;0;0;;;431;0;;;427;0;0;;;425;3;;;420;0;0;;;535;1;;;415
10559.jpg;0;0;;;426;1;;;418;0;0;;;425;2;;;421;0;0;;;427;2;;;423
10568.jpg;0;0;;;431;1;;;539;0;0;;;427;2;;;402;0;0;;;403;1;;;409
10639.jpg;0;0;;;421;1;;;417;0;0;;;429;0;;;470;0;0;;;416;0;;;416
10687.jpg;0;0;;;434;0;;;414;1;1;;;419;1;;;417;0;0;;;417;0;;;406
10709.jpg;0;0;;;419;1;;;424;0;0;;;423;1;;;416;0;0;;;422;1;;;416
10780.jpg;0;0;;;415;0;;;412;1;1;;;419;1;;;414;0;0;;;414;0;;;424
10813.jpg;0;0;;;479;1;;;422;2;2;;;420;4;;;416;0;0;;;422;1;;;418
10850.jpg;0;0;;;422;2;;;426;1;1;;;452;3;;;421;1;1;;;425;1;;;419
10922.jpg;0;0;;;423;1;;;424;2;2;;;412;0;;;424;0;0;;;423;0;;;401
10943.jpg;0;0;;;426;1;;;437;0;0;;;429;0;;;417;0;0;;;430;0;;;404
10993.jpg;0;0;;;423;0;;;411;0;0;;;512;0;;;418;0;0;;;426;0;;;424
11063.jpg;0;0;;;525;0;;;418;0;0;;;413;0;;;408;0;0;;;468;0;;;465
11080.jpg;0;0;;;427;0;;;408;0;0;;;426;0;;;406;0;0;;;414;0;;;416
11132.jpg;0;0;;;434;0;;;435;0;0;;;492;0;;;412;0;0;;;416;0;;;417
11203.jpg;0;0;;;427;1;;;527;0;0;;;419;0;;;397;0;0;;;417;0;;;404
11215.jpg;0;0;;;426;1;;;414;0;0;;;426;0;;;423;0;0;;;424;0;;;421
11273.jpg;0;0;;;419;1;;;478;0;0;;;429;3;;;424;1;1;;;415;0;;;410
11342.jpg;0;0;;;421;1;;;514;0;0;;;519;1;;;420;0;0;;;432;0;;;420
11344.jpg;0;0;;;423;1;;;416;0;0;;;426;2;;;435;0;0;;;422;0;;;414
11411.jpg;0;0;;;440;0;;;493;1;1;;;424;0;;;407;0;0;;;479;1;;;421
11479.jpg;0;0;;;420;0;;;398;0;0;;;548;0;;;417;0;0;;;491;1;;;446
11480.jpg;0;0;;;423;0;;;421;0;0;;;425;0;;;475;0;0;;;431;0;;;415
11548.jpg;0;0;;;564;0;;;421;0;0;;;424;0;;;416;0;0;;;425;0;;;409
11618.jpg;0;0;;;422;0;;;408;0;0;;;426;0;;;398;0;0;;;427;0;;;415
11626.jpg;0;0;;;512;2;;;415;0;0;;;454;1;;;401;0;0;;;431;0;;;419
11687.jpg;0;0;;;422;0;;;409;1;1;;;424;0;;;418;0;0;;;424;0;;;411
11756.jpg;0;0;;;485;6;;;408;0;0;;;424;3;;;405;0;0;;;426;0;;;405
11779.jpg;0;0;;;417;1;;;411;0;0;;;423;0;;;407;0;0;;;424;0;;;414
11824.jpg;0;0;;;426;3;;;417;1;1;;;421;2;;;420;2;2;;;422;1;;;415
11888.jpg;0;0;;;427;1;;;420;0;0;;;423;2;;;417;0;0;;;424;0;;;415
11950.jpg;0;0;;;427;0;;;423;0;0;;;416;2;;;419;0;0;;;422;1;;;413
12008.jpg;0;0;;;427;2;;;423;0;0;;;488;1;;;412;1;1;;;442;2;;;459
12068.jpg;1;1;;;426;0;;;416;0;0;;;489;1;;;419;0;0;;;407;0;;;413
12125.jpg;1;1;;;418;0;;;407;1;1;;;429;0;;;408;3;3;;;467;0;;;419
12182.jpg;0;0;;;542;0;;;421;0;0;;;423;2;;;406;1;1;;;430;0;;;452
12239.jpg;0;0;;;425;0;;;412;0;0;;;411;0;;;411;0;0;;;420;0;;;416
12298.jpg;0;0;;;415;1;;;411;1;1;;;420;0;;;398;0;0;;;424;0;;;491
12323.jpg;0;0;;;426;0;;;411;1;1;;;424;0;;;419;1;1;;;426;0;;;419
12358.jpg;0;0;;;438;1;;;444;1;1;;;429;2;;;417;1;1;;;451;0;;;475
12422.jpg;0;0;;;422;0;;;542;0;0;;;494;1;;;408;0;0;;;428;1;;;407
12434.jpg;0;0;;;429;0;;;425;1;1;;;431;2;;;407;0;0;;;422;0;;;417
12491.jpg;0;0;;;424;1;;;445;0;0;;;421;1;;;419;0;0;;;412;0;;;415
12521.jpg;1;1;;;426;1;;;424;0;0;;;426;2;;;406;0;0;;;425;0;;;416
12569.jpg;0;0;;;426;0;;;409;0;0;;;423;0;;;416;0;0;;;424;0;;;420
12595.jpg;0;0;;;426;0;;;405;0;0;;;421;0;;;411;0;0;;;408;0;;;408
12662.jpg;0;0;;;431;1;;;417;0;0;;;421;1;;;420;0;0;;;433;0;;;416
12725.jpg;0;0;;;425;0;;;420;0;0;;;423;0;;;414;1;1;;;441;0;;;425
12785.jpg;0;0;;;429;0;;;408;0;0;;;427;0;;;423;0;0;;;474;0;;;420
12844.jpg;0;0;;;455;0;;;417;0;0;;;423;0;;;415;0;0;;;419;0;;;412
12901.jpg;1;1;;;418;0;;;406;0;0;;;425;0;;;504;0;0;;;439;0;;;410
12956.jpg;0;0;;;431;0;;;408;0;0;;;425;2;;;421;0;0;;;427;0;;;472
13013.jpg;0;0;;;431;0;;;415;0;0;;;457;1;;;423;1;1;;;437;0;;;421
13070.jpg;0;0;;;422;1;;;427;1;1;;;425;1;;;465;0;0;;;433;2;;;412
13126.jpg;0;0;;;432;2;;;421;1;1;;;424;1;;;417;0;0;;;479;0;;;418
13183.jpg;1;1;;;430;1;;;421;0;0;;;435;3;;;529;0;0;;;432;1;;;409
13240.jpg;0;0;;;422;0;;;419;0;0;;;421;2;;;422;0;0;;;434;0;;;408
13295.jpg;1;1;;;426;2;;;437;0;0;;;426;2;;;407;0;0;;;427;2;;;402
13352.jpg;0;0;;;425;1;;;403;0;0;;;428;1;;;408;0;0;;;424;0;;;426
13408.jpg;0;0;;;472;0;;;417;0;0;;;424;1;;;405;0;0;;;459;0;;;416
13465.jpg;0;0;;;418;1;;;417;0;0;;;430;2;;;417;1;1;;;424;0;;;416
13522.jpg;1;1;;;454;1;;;495;0;0;;;424;4;;;417;0;0;;;434;0;;;417
13580.jpg;0;0;;;475;0;;;410;1;1;;;426;1;;;416;0;0;;;426;0;;;420
13634.jpg;0;0;;;423;0;;;541;0;0;;;427;1;;;417;0;0;;;424;0;;;428
13672.jpg;0;0;;;498;0;;;423;0;0;;;438;1;;;399;0;0;;;437;0;;;418
13796.jpg;0;0;;;421;0;;;404;0;0;;;422;0;;;425;1;1;;;421;1;;;416
13916.jpg;0;0;;;413;0;;;416;0;0;;;440;0;;;417;1;1;;;475;0;;;420
14030.jpg;0;0;;;422;0;;;419;1;1;;;425;0;;;418;0;0;;;561;1;;;453
14102.jpg;0;0;;;420;0;;;416;0;0;;;422;0;;;496;0;0;;;421;0;;;518
14143.jpg;0;0;;;422;0;;;417;0;0;;;425;0;;;415;1;1;;;480;0;;;409
14255.jpg;0;0;;;422;0;;;465;1;1;;;412;0;;;406;0;0;;;420;0;;;417
14374.jpg;0;0;;;424;0;;;420;0;0;;;423;4;;;402;0;0;;;423;0;;;416
14494.jpg;0;0;;;417;0;;;414;0;0;;;448;1;;;427;0;0;;;424;0;;;419
14611.jpg;0;0;;;422;0;;;421;0;0;;;424;0;;;420;0;0;;;488;0;;;409
14723.jpg;0;0;;;426;0;;;420;0;0;;;421;0;;;414;1;1;;;420;0;;;417
14836.jpg;0;0;;;418;0;;;412;2;2;;;421;0;;;422;0;0;;;444;0;;;418
14951.jpg;0;0;;;425;0;;;482;0;0;;;428;0;;;426;0;0;;;410;0;;;428
15068.jpg;0;0;;;425;0;;;423;0;0;;;476;0;;;416;0;0;;;439;1;;;413
1516.jpg;0;0;;;464;0;;;413;2;2;;;423;8;[[0.9440837615771265, -0.4578533365690795, 381.26902271010755], [-0.007143777656345576, 0.5274827807454614, -30.562745265674824], [8.615360158088038e-05, -0.0004144233113639972, 0.9999999999999999]];[[-0.868070992166555, -11.555228492916338, 7734.837565460913], [11.355760386155666, -1.0293733845033586, -15036.407445369014], [-8846.432773489447, 13327.28083266058, 4623736.333178591]];407;0;0;;;420;1;;;402
15185.jpg;0;0;;;430;0;;;424;0;0;;;420;1;;;412;1;1;;;409;0;;;457
15304.jpg;0;0;;;428;1;;;419;1;1;;;422;0;;;413;0;0;;;427;0;;;500
1540.jpg;0;0;;;425;0;;;448;0;0;;;421;4;;;410;0;0;;;480;0;;;414
15425.jpg;0;0;;;420;0;;;419;0;0;;;553;1;;;429;2;2;;;421;0;;;514
1552.jpg;0;0;;;414;0;;;418;0;0;;;422;0;;;406;1;1;;;422;0;;;420
15544.jpg;0;0;;;410;0;;;419;0;0;;;421;0;;;419;0;0;;;424;0;;;485
1562.jpg;0;0;;;429;0;;;419;0;0;;;420;0;;;419;0;0;;;425;1;;;416
15661.jpg;0;0;;;433;0;;;426;0;0;;;428;0;;;411;0;0;;;424;0;;;409
15779.jpg;0;0;;;425;1;;;495;0;0;;;425;2;;;415;0;0;;;422;0;;;417
1586.jpg;0;0;;;485;0;;;464;0;0;;;424;0;;;423;0;0;;;471;0;;;406
15898.jpg;0;0;;;423;1;;;419;0;0;;;425;1;;;443;0;0;;;418;0;;;414
16015.jpg;0;0;;;424;0;;;407;0;0;;;421;0;;;459;0;0;;;421;0;;;443
1607.jpg;0;0;;;425;1;;;421;0;0;;;425;0;;;421;0;0;;;424;0;;;418
16126.jpg;0;0;;;427;0;;;447;1;1;;;431;0;;;423;1;1;;;424;0;;;416
16238.jpg;0;0;;;425;0;;;413;0;0;;;423;4;;;422;0;0;;;420;0;;;415
1631.jpg;0;0;;;418;0;;;416;0;0;;;447;0;;;400;1;1;;;422;0;;;417
16349.jpg;0;0;;;421;0;;;472;0;0;;;426;0;;;417;0;0;;;425;0;;;487
16460.jpg;0;0;;;418;1;;;420;0;0;;;423;2;;;469;0;0;;;422;0;;;427
1652.jpg;0;0;;;424;0;;;421;0;0;;;423;0;;;421;0;0;;;424;0;;;418
16570.jpg;0;0;;;424;0;;;410;0;0;;;436;3;;;418;0;0;;;425;0;;;420
1661.jpg;0;0;;;567;0;;;411;0;0;;;422;0;;;417;1;1;;;424;0;;;415
16679.jpg;1;1;;;517;2;;;419;0;0;;;429;1;;;441;1;1;;;425;0;;;415
1676.jpg;0;0;;;429;0;;;406;0;0;;;518;0;;;410;0;0;;;410;0;;;441
16790.jpg;0;0;;;423;1;;;428;1;1;;;423;0;;;418;0;0;;;427;1;;;418
16901.jpg;0;0;;;423;0;;;435;0;0;;;421;1;;;416;0;0;;;435;0;;;414
1700.jpg;0;0;;;422;0;;;409;0;0;;;449;0;;;413;0;0;;;459;0;;;427
17012.jpg;1;1;;;433;0;;;415;1;1;;;624;2;;;424;0;0;;;407;0;;;407
17123.jpg;0;0;;;427;0;;;425;0;0;;;454;2;;;409;0;0;;;426;0;;;467
1723.jpg;0;0;;;404;0;;;405;0;0;;;422;0;;;405;0;0;;;422;1;;;417
17234.jpg;0;0;;;473;0;;;416;0;0;;;424;6;;;529;0;0;;;421;0;;;415
1726.jpg;0;0;;;432;0;;;414;0;0;;;490;0;;;418;0;0;;;429;0;;;418
17347.jpg;0;0;;;422;0;;;419;0;0;;;420;5;;;414;0;0;;;467;0;;;418
1745.jpg;0;0;;;420;0;;;427;0;0;;;415;0;;;415;0;0;;;424;0;;;411
17459.jpg;0;0;;;417;0;;;418;0;0;;;443;4;;;417;0;0;;;428;0;;;410
17570.jpg;0;0;;;408;0;;;407;0;0;;;426;5;;;420;0;0;;;429;0;;;490
17684.jpg;0;0;;;412;2;;;417;0;0;;;426;1;;;405;1;1;;;414;0;;;411
1769.jpg;0;0;;;427;0;;;433;0;0;;;430;0;;;424;0;0;;;422;0;;;418
1775.jpg;0;0;;;425;0;;;405;0;0;;;420;0;;;411;0;0;;;422;0;;;434
17795.jpg;0;0;;;421;0;;;418;0;0;;;428;3;;;411;0;0;;;409;0;;;406
1790.jpg;0;0;;;425;0;;;412;0;0;;;462;0;;;425;0;0;;;423;1;;;415
17906.jpg;0;0;;;466;1;;;415;0;0;;;419;1;;;414;1;1;;;430;0;;;415
17944.jpg;0;0;;;421;1;;;399;0;0;;;417;1;;;416;1;1;;;422;1;;;470
18019.jpg;0;0;;;412;0;;;407;0;0;;;424;1;;;417;0;0;;;421;0;;;418
18134.jpg;0;0;;;424;0;;;408;0;0;;;426;1;;;431;0;0;;;445;0;;;414
1814.jpg;0;0;;;429;0;;;418;1;1;;;426;0;;;409;0;0;;;451;1;;;411
1825.jpg;0;0;;;431;0;;;457;0;0;;;425;1;;;413;0;0;;;463;0;;;405
18250.jpg;0;0;;;499;0;;;413;0;0;;;468;2;;;415;0;0;;;423;1;;;417
1835.jpg;0;0;;;419;0;;;416;0;0;;;449;0;;;407;0;0;;;428;0;;;413
18365.jpg;1;1;;;426;1;;;405;0;0;;;422;0;;;411;0;0;;;407;0;;;429
18479.jpg;0;0;;;466;0;;;416;0;0;;;422;2;;;437;0;0;;;425;1;;;431
1859.jpg;0;0;;;419;0;;;415;0;0;;;423;0;;;418;0;0;;;489;0;;;406
18593.jpg;0;0;;;415;1;;;423;1;1;;;418;3;;;420;0;0;;;432;2;;;416
1868.jpg;0;0;;;421;1;;;417;0;0;;;425;0;;;420;0;0;;;479;0;;;421
18707.jpg;0;0;;;419;1;;;464;0;0;;;422;3;;;409;0;0;;;441;2;;;422
1880.jpg;0;0;;;420;0;;;409;0;0;;;422;0;;;508;0;0;;;430;0;;;416
18823.jpg;0;0;;;424;1;;;414;0;0;;;426;1;;;418;0;0;;;431;0;;;416
18937.jpg;0;0;;;418;0;;;416;0;0;;;423;1;;;417;0;0;;;435;0;;;417
1904.jpg;0;0;;;542;0;;;418;0;0;;;421;0;;;417;0;0;;;425;0;;;426
19052.jpg;1;1;;;427;2;;;414;0;0;;;435;1;;;418;0;0;;;436;0;;;414
1906.jpg;0;0;;;428;0;;;420;1;1;;;424;0;;;418;0;0;;;459;1;;;405
19166.jpg;0;0;;;422;0;;;426;1;1;;;413;0;;;418;0;0;;;428;0;;;421
1925.jpg;0;0;;;431;0;;;412;0;0;;;406;0;;;484;0;0;;;426;0;;;406
19283.jpg;1;1;;;422;1;;;417;0;0;;;412;0;;;422;0;0;;;431;0;;;411
1939.jpg;0;0;;;421;0;;;420;0;0;;;432;0;;;427;0;0;;;426;0;;;414
19397.jpg;0;0;;;414;2;;;398;0;0;;;405;7;;;532;0;0;;;510;1;;;420
1949.jpg;0;0;;;425;0;;;409;0;0;;;426;0;;;521;0;0;;;417;0;;;513
19511.jpg;0;0;;;429;3;;;421;1;1;;;413;13;[[1.2224626570269699, -0.23206111516502698, -171.75930758553818], [0.13534724739418755, 1.1308753947074293, -531.0345872789449], [1.4479645958112917e-05, -0.00010266991723923955, 1.0]];[[-0.02989567057877421, 0.21899293483063922, 23.217934232976276], [-0.19019467168604887, -0.05532919463909003, -137.96268477024995], [63.89807245829193, 79.73508708744336, 58409.08610568487]];405;0;0;;;422;6;;;406
19625.jpg;0;0;;;418;4;;;485;0;0;;;449;12;[[1.1155297747689175, -0.23738872761862953, -110.50501688878032], [0.12399306939901293, 1.0588554633997762, -484.2928424310609], [-2.599961390477111e-05, -0.00011464614314974152, 1.0]];[[1.0630669340983934e-06, -8.189278170759565e-06, 0.005028959293450241], [8.11587071532556e-06, 3.6097636626816824e-07, -0.013452109543833777], [-0.00925416652385499, 0.0122336881608669, 4.91286676152554]];424;0;0;;;426;8;[[0.5635953905423603, -0.1685105388787753, 216.96782418933637], [-0.027846414157359153, 0.8196577018476918, -246.5817212207048], [-0.00024467675184661116, -8.12847338770622e-05, 1.0]];[[0.23671578704522467, -12.810549219572179, 3044.82555308284], [13.853108614919698, 1.2174760399760516, -13675.164627431788], [-8114.189097453013, 12202.127982373728, 4710027.181759404]];448
1970.jpg;0;0;;;424;0;;;416;0;0;;;431;0;;;408;0;0;;;426;0;;;409
1973.jpg;0;0;;;436;0;;;407;0;0;;;424;0;;;420;0;0;;;448;0;;;424
19741.jpg;0;0;;;420;4;;;424;1;1;;;429;10;[[1.010402601574882, -0.23049628033578423, -38.629696589173406], [0.10239602492533315, 0.9975309090160234, -433.50686193059715], [-5.890448634807931e-05, -0.00011987600580625235, 1.0]];[[-0.7115075398778834, 3.972100984958171, 171.49458593431655], [-3.7291329140799903, -0.33312897109876904, 4375.643657916418], [2559.089196315899, -4411.233575640135, -2240074.4198574135]];424;0;0;;;443;3;;;398
19856.jpg;0;0;;;427;2;;;422;0;0;;;429;5;;;404;0;0;;;410;4;;;408
1997.jpg;2;2;;;418;0;;;415;0;0;;;460;0;;;416;0;0;;;423;0;;;422
19970.jpg;0;0;;;427;4;;;413;0;0;;;430;1;;;416;0;0;;;420;5;;;422
20084.jpg;0;0;;;426;3;;;496;0;0;;;430;8;[[3.2975169730379372, -0.7142475075467384, -1112.8828761025475], [0.3925636894027659, 2.126328142592657, -1116.093071511826], [0.0010077134542067368, -0.0004508799513522329, 1.0]];[[75.03734220160356, -173.51194916345176, -67399.4509516902], [140.73463970421017, 20.687629529376864, -150035.93187587196], [-130916.71895045473, 167464.2534118532, 126824066.93359315]];492;0;0;;;416;2;;;431
2020.jpg;0;0;;;430;0;;;419;0;0;;;421;0;;;405;0;0;;;411;0;;;405
20201.jpg;0;0;;;417;2;;;413;0;0;;;490;5;;;418;0;0;;;469;1;;;411
2026.jpg;0;0;;;431;0;;;415;0;0;;;488;1;;;417;1;1;;;425;0;;;416
20317.jpg;0;0;;;512;3;;;435;0;0;;;419;11;[[1.1621692927606342, -0.2721813284705504, -43.27642644436778], [0.1131898473877002, 1.077064426759366, -464.8664003413934], [9.891400331640887e-06, -0.00013781503349410236, 1.0]];[[0.030001732181952546, -0.36038096173764456, 107.03978037018669], [0.35029877764947426, 0.01491698807473972, -571.4840774165073], [-272.59781133641144, 518.1418122847492, 216237.3613465038]];413;0;0;;;423;0;;;540
2042.jpg;0;0;;;426;0;;;423;0;0;;;427;0;;;411;0;0;;;427;0;;;417
20432.jpg;0;0;;;427;1;;;486;0;0;;;469;3;;;408;0;0;;;427;2;;;426
2054.jpg;0;0;;;424;0;;;408;0;0;;;421;0;;;413;1;1;;;476;0;;;413
20546.jpg;0;0;;;423;3;;;409;0;0;;;423;9;[[1.1339177173889436, -0.28493170514436533, 1.1143352151899324], [0.13431994438910497, 1.0482473528568956, -453.30914903022267], [1.1387874838709422e-06, -0.0001345931204033129, 1.0]];[[2.119179684678637, -7.416704838334004, 1183.4323841274152], [7.752676245185184, 1.1612923222705454, -7993.337436641336], [-7495.119883961601, 6155.178899616313, 4558097.22553119]];408;0;0;;;434;2;;;416
2066.jpg;0;0;;;480;0;;;420;0;0;;;410;0;;;403;1;1;;;549;0;;;428
20660.jpg;0;0;;;433;1;;;449;0;0;;;418;5;;;406;0;0;;;439;2;;;414
20776.jpg;1;1;;;429;0;;;417;0;0;;;433;6;;;426;0;0;;;423;4;;;422
2081.jpg;0;0;;;422;0;;;427;0;0;;;422;0;;;416;0;0;;;408;0;;;404
2089.jpg;0;0;;;455;0;;;404;0;0;;;425;0;;;421;0;0;;;425;0;;;404
20890.jpg;0;0;;;422;0;;;428;0;0;;;449;2;;;414;0;0;;;417;1;;;407
21004.jpg;1;1;;;420;0;;;413;1;1;;;416;3;;;423;0;0;;;423;0;;;418
2110.jpg;0;0;;;482;0;;;417;0;0;;;415;0;;;417;1;1;;;417;0;;;408
2111.jpg;0;0;;;423;0;;;410;0;0;;;422;0;;;407;1;1;;;432;0;;;488
21116.jpg;0;0;;;409;2;;;440;0;0;;;495;0;;;412;0;0;;;419;0;;;422
21230.jpg;0;0;;;420;0;;;416;0;0;;;421;0;;;400;1;1;;;487;1;;;417
21344.jpg;0;0;;;428;0;;;418;0;0;;;418;0;;;402;0;0;;;416;0;;;411
2135.jpg;0;0;;;422;0;;;414;0;0;;;424;0;;;431;0;0;;;429;0;;;405
21455.jpg;0;0;;;426;0;;;414;1;1;;;498;0;;;416;0;0;;;424;0;;;403
21566.jpg;0;0;;;424;0;;;420;0;0;;;452;0;;;416;0;0;;;427;1;;;405
2158.jpg;0;0;;;420;0;;;411;0;0;;;423;0;;;420;0;0;;;423;0;;;412
2162.jpg;0;0;;;422;0;;;417;0;0;;;422;0;;;406;0;0;;;430;0;;;404
21677.jpg;0;0;;;426;0;;;445;0;0;;;427;2;;;416;0;0;;;449;0;;;417
21788.jpg;0;0;;;419;0;;;400;0;0;;;417;0;;;417;1;1;;;426;0;;;403
2180.jpg;0;0;;;484;0;;;419;0;0;;;424;0;;;407;0;0;;;430;0;;;407
2186.jpg;0;0;;;425;0;;;406;1;1;;;425;1;;;415;0;0;;;423;0;;;397
21899.jpg;2;2;;;408;2;;;422;0;0;;;422;1;;;411;0;0;;;465;0;;;433
22010.jpg;0;0;;;409;0;;;408;0;0;;;435;0;;;405;0;0;;;429;0;;;421
2204.jpg;0;0;;;431;0;;;418;0;0;;;428;0;;;414;0;0;;;430;0;;;411
2212.jpg;0;0;;;421;0;;;445;1;1;;;424;0;;;418;1;1;;;425;0;;;412
22121.jpg;0;0;;;428;0;;;428;0;0;;;427;1;;;449;0;0;;;427;0;;;412
22232.jpg;0;0;;;432;0;;;417;0;0;;;426;1;;;409;0;0;;;429;0;;;417
2225.jpg;0;0;;;428;0;;;421;0;0;;;436;0;;;420;0;0;;;430;0;;;412
22346.jpg;0;0;;;425;0;;;414;0;0;;;425;0;;;416;0;0;;;473;0;;;414
2237.jpg;0;0;;;421;0;;;413;0;0;;;416;0;;;426;0;0;;;422;0;;;408
22463.jpg;0;0;;;419;0;;;419;0;0;;;414;1;;;513;0;0;;;414;0;;;408
2249.jpg;0;0;;;426;0;;;414;0;0;;;428;0;;;424;0;0;;;424;0;;;423
22589.jpg;0;0;;;427;1;;;414;0;0;;;421;0;;;422;1;1;;;405;0;;;423
2261.jpg;0;0;;;522;0;;;409;0;0;;;423;0;;;410;1;1;;;427;0;;;416
2272.jpg;0;0;;;422;0;;;408;0;0;;;487;0;;;427;0;0;;;423;0;;;406
22721.jpg;0;0;;;469;0;;;427;0;0;;;424;0;;;415;0;0;;;413;0;;;410
2285.jpg;0;0;;;429;0;;;409;0;0;;;425;0;;;416;0;0;;;425;0;;;412
22852.jpg;0;0;;;469;2;;;432;1;1;;;412;1;;;451;0;0;;;418;1;;;424
2294.jpg;0;0;;;423;0;;;419;0;0;;;409;0;;;404;0;0;;;412;0;;;404
22979.jpg;0;0;;;418;3;;;412;0;0;;;423;0;;;428;0;0;;;422;0;;;422
2309.jpg;0;0;;;422;0;;;417;0;0;;;421;0;;;471;0;0;;;466;0;;;415
23107.jpg;0;0;;;417;0;;;430;0;0;;;411;1;;;421;0;0;;;424;0;;;412
2317.jpg;0;0;;;420;0;;;405;0;0;;;427;0;;;411;0;0;;;432;0;;;447
23243.jpg;0;0;;;427;0;;;404;1;1;;;442;1;;;427;0;0;;;423;0;;;409
2333.jpg;0;0;;;424;0;;;410;0;0;;;408;0;;;416;0;0;;;421;0;;;413
23381.jpg;0;0;;;427;1;;;418;0;0;;;436;1;;;423;0;0;;;409;0;;;447
2339.jpg;0;0;;;416;0;;;417;0;0;;;425;0;;;517;0;0;;;433;0;;;418
23519.jpg;0;0;;;428;0;;;424;0;0;;;422;0;;;409;0;0;;;560;0;;;405
2359.jpg;0;0;;;430;0;;;408;0;0;;;481;0;;;506;0;0;;;419;0;;;411
2360.jpg;0;0;;;417;0;;;409;0;0;;;588;0;;;437;0;0;;;422;0;;;406
23654.jpg;0;0;;;422;0;;;410;0;0;;;423;0;;;402;0;0;;;424;0;;;432
23786.jpg;0;0;;;418;0;;;409;0;0;;;426;0;;;415;0;0;;;424;0;;;406
2381.jpg;0;0;;;425;0;;;481;0;0;;;437;0;;;401;0;0;;;417;0;;;418
2384.jpg;0;0;;;423;0;;;424;0;0;;;423;0;;;410;0;0;;;429;0;;;401
23900.jpg;0;0;;;441;0;;;413;0;0;;;429;0;;;426;0;0;;;423;0;;;435
23987.jpg;0;0;;;532;0;;;413;0;0;;;423;0;;;419;0;0;;;425;0;;;416
2404.jpg;0;0;;;446;0;;;414;0;0;;;421;0;;;481;0;0;;;422;0;;;420
2408.jpg;0;0;;;422;0;;;413;0;0;;;412;0;;;419;0;0;;;430;0;;;409
24259.jpg;0;0;;;421;0;;;416;0;0;;;459;0;;;411;0;0;;;425;0;;;416
2426.jpg;0;0;;;424;0;;;417;0;0;;;421;0;;;430;0;0;;;483;0;;;413
2432.jpg;0;0;;;407;0;;;419;0;0;;;424;0;;;420;0;0;;;422;0;;;428
2447.jpg;0;0;;;432;0;;;418;0;0;;;425;0;;;414;0;0;;;476;0;;;406
24515.jpg;0;0;;;416;0;;;412;0;0;;;413;0;;;406;0;0;;;525;0;;;495
2456.jpg;0;0;;;425;0;;;418;0;0;;;444;0;;;437;0;0;;;424;0;;;405
2471.jpg;0;0;;;433;0;;;418;0;0;;;424;0;;;420;0;0;;;425;0;;;406
24761.jpg;0;0;;;427;0;;;468;0;0;;;429;0;;;407;0;0;;;430;0;;;453
2479.jpg;0;0;;;484;0;;;427;0;0;;;435;0;;;405;0;0;;;440;0;;;414
2494.jpg;0;0;;;424;0;;;431;0;0;;;422;0;;;425;0;0;;;436;0;;;415
25009.jpg;0;0;;;419;0;;;437;1;1;;;425;0;;;437;0;0;;;419;0;;;413
2501.jpg;1;1;;;417;0;;;416;0;0;;;427;1;;;417;0;0;;;447;0;;;406
2516.jpg;0;0;;;442;0;;;522;0;0;;;415;0;;;407;0;0;;;424;0;;;406
25160.jpg;0;0;;;444;0;;;410;0;0;;;428;0;;;422;1;1;;;424;0;;;412
2524.jpg;0;0;;;429;0;;;419;0;0;;;424;0;;;419;0;0;;;437;0;;;418
25244.jpg;0;0;;;425;0;;;415;1;1;;;423;0;;;416;0;0;;;478;2;;;422
2540.jpg;0;0;;;415;0;;;432;1;1;;;423;0;;;411;0;0;;;429;0;;;411
2546.jpg;0;0;;;431;0;;;423;0;0;;;426;0;;;432;0;0;;;423;0;;;408
25477.jpg;0;0;;;436;0;;;418;0;0;;;415;0;;;406;0;0;;;427;0;;;426
2564.jpg;0;0;;;421;0;;;416;0;0;;;427;0;;;408;0;0;;;420;0;;;420
2567.jpg;0;0;;;603;0;;;421;0;0;;;419;0;;;414;0;0;;;414;0;;;413
25709.jpg;0;0;;;420;0;;;414;0;0;;;417;0;;;407;0;0;;;424;1;;;502
2588.jpg;0;0;;;491;0;;;422;0;0;;;451;0;;;411;0;0;;;422;0;;;401
25927.jpg;0;0;;;420;0;;;561;0;0;;;421;0;;;495;0;0;;;413;0;;;406
2597.jpg;0;0;;;428;0;;;416;0;0;;;426;0;;;417;0;0;;;407;0;;;420
26138.jpg;0;0;;;419;0;;;520;0;0;;;421;0;;;409;0;0;;;415;0;;;424
2626.jpg;0;0;;;500;1;;;419;0;0;;;425;0;;;422;0;0;;;426;0;;;411
26353.jpg;0;0;;;466;0;;;425;1;1;;;428;0;;;417;0;0;;;422;0;;;517
2639.jpg;0;0;;;423;1;;;494;0;0;;;429;0;;;406;0;0;;;423;0;;;414
26585.jpg;0;0;;;425;0;;;408;0;0;;;428;0;;;408;0;0;;;423;0;;;404
2675.jpg;0;0;;;425;0;;;475;1;1;;;434;0;;;405;0;0;;;449;0;;;405
2678.jpg;0;0;;;423;1;;;404;0;0;;;429;0;;;413;0;0;;;418;0;;;415
26813.jpg;0;0;;;447;0;;;405;0;0;;;414;1;;;406;0;0;;;420;1;;;409
27038.jpg;1;1;;;425;0;;;415;0;0;;;465;0;;;422;0;0;;;425;0;;;413
2719.jpg;0;0;;;450;1;;;417;1;1;;;421;0;;;403;0;0;;;411;0;;;405
2726.jpg;0;0;;;422;0;;;407;1;1;;;417;0;;;431;0;0;;;431;0;;;439
27272.jpg;0;0;;;432;0;;;422;1;1;;;428;3;;;422;1;1;;;425;1;;;413
27440.jpg;0;0;;;476;0;;;411;0;0;;;418;0;;;415;0;0;;;428;1;;;425
27496.jpg;1;1;;;406;0;;;407;0;0;;;415;1;;;425;1;1;;;427;2;;;402
2756.jpg;0;0;;;472;1;;;416;0;0;;;410;2;;;408;0;0;;;423;1;;;409
27716.jpg;0;0;;;425;0;;;408;1;1;;;427;2;;;410;0;0;;;428;1;;;404
2780.jpg;0;0;;;422;1;;;410;0;0;;;428;3;;;411;0;0;;;425;1;;;502
2794.jpg;0;0;;;443;1;;;405;0;0;;;421;1;;;407;0;0;;;427;1;;;423
27940.jpg;0;0;;;427;1;;;412;0;0;;;426;0;;;415;0;0;;;425;1;;;411
28168.jpg;1;1;;;407;1;;;407;1;1;;;422;0;;;428;0;0;;;424;0;;;413
2831.jpg;0;0;;;430;4;;;415;0;0;;;463;0;;;414;0;0;;;418;1;;;405
28328.jpg;0;0;;;422;0;;;404;0;0;;;428;0;;;403;0;0;;;508;0;;;410
2836.jpg;0;0;;;409;1;;;406;1;1;;;500;2;;;408;0;0;;;423;1;;;421
28411.jpg;0;0;;;424;1;;;417;0;0;;;451;0;;;413;1;1;;;431;0;;;414
28413.jpg;0;0;;;421;0;;;487;0;0;;;427;0;;;404;0;0;;;428;0;;;403
28658.jpg;0;0;;;441;0;;;422;0;0;;;444;0;;;405;1;1;;;421;0;;;419
2867.jpg;0;0;;;408;4;;;403;0;0;;;422;1;;;408;0;0;;;428;1;;;404
28768.jpg;0;0;;;549;0;;;404;0;0;;;443;0;;;416;0;0;;;480;2;;;410
28904.jpg;0;0;;;424;1;;;417;0;0;;;418;0;;;414;1;1;;;406;0;;;541
2894.jpg;0;0;;;403;3;;;411;0;0;;;430;3;;;404;0;0;;;413;1;;;409
2906.jpg;0;0;;;415;4;;;418;1;1;;;424;5;;;487;0;0;;;433;4;;;424
29144.jpg;0;0;;;422;0;;;415;0;0;;;444;1;;;404;0;0;;;561;0;;;413
29158.jpg;0;0;;;426;0;;;416;0;0;;;459;0;;;418;0;0;;;427;0;;;413
2944.jpg;0;0;;;422;4;;;413;0;0;;;405;1;;;409;0;0;;;426;3;;;400
2951.jpg;0;0;;;430;2;;;399;0;0;;;425;4;;;405;1;1;;;432;2;;;415
29510.jpg;0;0;;;449;0;;;407;1;1;;;427;0;;;400;0;0;;;419;0;;;410
29519.jpg;0;0;;;444;0;;;417;1;1;;;425;1;;;416;0;0;;;445;0;;;469
29807.jpg;0;0;;;418;2;;;413;0;0;;;426;0;;;405;0;0;;;420;1;;;417
2981.jpg;0;0;;;429;2;;;433;0;0;;;428;5;;;478;0;0;;;431;3;;;408
30092.jpg;0;0;;;424;2;;;421;0;0;;;416;2;;;407;0;0;;;431;1;;;405
3011.jpg;1;1;;;406;4;;;413;0;0;;;430;0;;;401;0;0;;;429;3;;;445
3017.jpg;1;1;;;423;5;;;413;1;1;;;421;1;;;420;1;1;;;427;5;;;410
30275.jpg;0;0;;;428;0;;;413;1;1;;;426;0;;;418;1;1;;;417;0;;;418
30430.jpg;0;0;;;439;0;;;488;0;0;;;421;1;;;416;0;0;;;415;0;;;416
3055.jpg;1;1;;;422;0;;;418;0;0;;;424;0;;;416;0;0;;;428;0;;;453
30695.jpg;0;0;;;419;0;;;405;0;0;;;427;1;;;409;0;0;;;412;0;;;404
3079.jpg;0;0;;;452;2;;;412;0;0;;;515;1;;;404;1;1;;;425;2;;;402
30889.jpg;0;0;;;416;0;;;413;0;0;;;428;1;;;425;0;0;;;510;0;;;420
3092.jpg;0;0;;;406;0;;;405;0;0;;;418;2;;;402;0;0;;;423;0;;;403
31001.jpg;0;0;;;479;0;;;423;0;0;;;423;0;;;403;0;0;;;424;0;;;415
31268.jpg;0;0;;;423;1;;;403;0;0;;;423;1;;;405;2;2;;;445;2;;;502
3128.jpg;0;0;;;424;0;;;407;0;0;;;473;0;;;420;0;0;;;432;0;;;407
3149.jpg;0;0;;;430;0;;;403;1;1;;;473;1;;;419;0;0;;;423;0;;;404
31589.jpg;0;0;;;431;0;;;433;0;0;;;450;2;;;420;0;0;;;423;0;;;422
3164.jpg;0;0;;;421;0;;;419;1;1;;;420;0;;;408;0;0;;;415;0;;;424
31762.jpg;0;0;;;435;0;;;412;0;0;;;470;0;;;418;1;1;;;421;0;;;419
32018.jpg;0;0;;;428;0;;;398;0;0;;;423;0;;;409;0;0;;;435;0;;;405
3202.jpg;0;0;;;423;1;;;404;0;0;;;428;0;;;417;0;0;;;425;0;;;412
32048.jpg;0;0;;;432;0;;;405;1;1;;;428;2;;;424;0;0;;;431;5;;;408
32150.jpg;0;0;;;425;0;;;413;0;0;;;428;1;;;413;0;0;;;427;2;;;416
32186.jpg;0;0;;;419;0;;;404;0;0;;;427;1;;;420;0;0;;;422;2;;;407
3224.jpg;0;0;;;428;2;;;411;1;1;;;463;0;;;404;0;0;;;430;2;;;407
32356.jpg;0;0;;;421;1;;;424;1;1;;;434;1;;;441;0;0;;;458;0;;;402
3239.jpg;0;0;;;448;0;;;418;0;0;;;433;0;;;527;0;0;;;430;1;;;402
32432.jpg;0;0;;;431;1;;;464;1;1;;;424;2;;;409;0;0;;;428;0;;;413
32519.jpg;0;0;;;406;3;;;403;0;0;;;421;3;;;402;0;0;;;435;0;;;416
32672.jpg;0;0;;;419;0;;;404;0;0;;;422;2;;;417;0;0;;;424;0;;;423
3275.jpg;0;0;;;429;0;;;413;0;0;;;454;0;;;414;0;0;;;423;0;;;403
32822.jpg;0;0;;;422;1;;;419;0;0;;;441;3;;;410;0;0;;;477;1;;;418
32824.jpg;0;0;;;404;2;;;416;1;1;;;409;2;;;409;0;0;;;424;1;;;419
32977.jpg;0;0;;;466;1;;;420;0;0;;;424;4;;;405;0;0;;;429;0;;;406
3302.jpg;0;0;;;425;0;;;406;0;0;;;427;0;;;421;0;0;;;419;0;;;412
3311.jpg;0;0;;;423;0;;;421;0;0;;;439;0;;;454;1;1;;;425;0;;;404
33139.jpg;0;0;;;423;1;;;413;0;0;;;421;0;;;417;0;0;;;433;0;;;426
33172.jpg;0;0;;;430;1;;;412;0;0;;;413;0;;;401;0;0;;;413;0;;;405
33307.jpg;0;0;;;580;2;;;408;0;0;;;414;0;;;418;0;0;;;404;0;;;408
33458.jpg;0;0;;;423;1;;;410;0;0;;;418;0;;;412;1;1;;;412;0;;;410
33478.jpg;0;0;;;483;0;;;411;0;0;;;423;1;;;404;0;0;;;423;0;;;405
3350.jpg;0;0;;;428;1;;;415;0;0;;;422;0;;;405;0;0;;;428;0;;;414
33653.jpg;0;0;;;418;0;;;403;1;1;;;425;1;;;434;0;0;;;423;1;;;511
33734.jpg;0;0;;;426;0;;;436;0;0;;;424;1;;;405;0;0;;;420;0;;;440
33827.jpg;0;0;;;424;0;;;409;0;0;;;425;1;;;397;0;0;;;483;0;;;409
3386.jpg;1;1;;;471;0;;;414;0;0;;;416;0;;;408;0;0;;;424;1;;;409
3388.jpg;0;0;;;424;0;;;407;0;0;;;420;0;;;412;0;0;;;420;0;;;414
33992.jpg;0;0;;;412;0;;;402;0;0;;;426;0;;;438;0;0;;;475;0;;;421
34018.jpg;0;0;;;425;0;;;410;0;0;;;414;0;;;407;0;0;;;454;1;;;410
34151.jpg;0;0;;;423;0;;;409;0;0;;;423;1;;;446;0;0;;;422;0;;;404
3425.jpg;0;0;;;415;1;;;419;0;0;;;479;0;;;402;0;0;;;437;2;;;401
34309.jpg;0;0;;;423;1;;;406;0;0;;;411;0;;;417;0;0;;;405;0;;;409
34343.jpg;0;0;;;443;0;;;409;0;0;;;430;0;;;405;0;0;;;450;1;;;409
34469.jpg;0;0;;;415;1;;;409;0;0;;;416;0;;;411;0;0;;;426;0;;;410
3463.jpg;0;0;;;486;1;;;416;0;0;;;418;0;;;407;0;0;;;417;1;;;406
34631.jpg;0;0;;;414;0;;;418;1;1;;;413;0;;;411;0;0;;;425;0;;;423
34670.jpg;0;0;;;466;0;;;404;0;0;;;437;0;;;414;0;0;;;435;0;;;412
34802.jpg;0;0;;;419;0;;;412;0;0;;;413;0;;;406;0;0;;;423;1;;;435
3484.jpg;0;0;;;427;0;;;412;0;0;;;426;0;;;458;0;0;;;434;0;;;430
34975.jpg;0;0;;;427;0;;;407;0;0;;;417;0;;;410;0;0;;;425;0;;;404
34988.jpg;0;0;;;434;0;;;442;0;0;;;421;0;;;413;0;0;;;424;1;;;419
3500.jpg;0;0;;;421;0;;;410;0;0;;;414;0;;;397;0;0;;;486;0;;;407
35085.jpg;0;0;;;428;3;;;421;0;0;;;420;0;;;407;1;1;;;422;0;;;428
35101.jpg;0;0;;;471;0;;;416;0;0;;;425;1;;;430;0;0;;;487;0;;;409
35186.jpg;0;0;;;428;4;;;406;0;0;;;432;1;;;424;0;0;;;426;1;;;412
35219.jpg;1;1;;;427;6;;;418;0;0;;;421;3;;;404;0;0;;;416;1;;;409
35270.jpg;0;0;;;424;6;;;408;0;0;;;428;2;;;406;0;0;;;422;0;;;430
35356.jpg;0;0;;;435;4;;;415;0;0;;;424;0;;;407;0;0;;;424;1;;;422
35378.jpg;1;1;;;423;5;;;409;0;0;;;409;1;;;423;0;0;;;423;0;;;414
3538.jpg;0;0;;;430;0;;;419;0;0;;;433;0;;;407;0;0;;;508;0;;;416
35441.jpg;0;0;;;447;2;;;402;0;0;;;485;0;;;403;0;0;;;419;1;;;418
35531.jpg;0;0;;;432;0;;;473;0;0;;;430;0;;;441;0;0;;;424;0;;;474
35549.jpg;0;0;;;423;0;;;410;0;0;;;424;1;;;405;0;0;;;416;0;;;424
35621.jpg;1;1;;;432;0;;;424;0;0;;;509;0;;;404;0;0;;;427;0;;;415
35711.jpg;0;0;;;417;1;;;413;0;0;;;473;2;;;403;1;1;;;420;1;;;406
3575.jpg;0;0;;;430;0;;;414;0;0;;;426;0;;;416;1;1;;;459;0;;;402
35803.jpg;0;0;;;423;1;;;407;0;0;;;425;1;;;499;0;0;;;430;0;;;406
35881.jpg;0;0;;;411;0;;;449;0;0;;;403;0;;;446;0;0;;;422;0;;;420
35893.jpg;0;0;;;419;0;;;404;0;0;;;426;0;;;417;0;0;;;486;0;;;418
35984.jpg;0;0;;;428;0;;;508;0;0;;;495;1;;;464;0;0;;;421;2;;;426
3605.jpg;0;0;;;413;0;;;409;0;0;;;426;0;;;409;0;0;;;536;0;;;406
36052.jpg;0;0;;;424;1;;;441;0;0;;;571;0;;;425;0;0;;;425;0;;;402
36074.jpg;0;0;;;427;0;;;416;0;0;;;420;0;;;407;0;0;;;425;0;;;418
3611.jpg;0;0;;;499;0;;;407;0;0;;;417;0;;;415;0;0;;;414;1;;;404
36164.jpg;1;1;;;424;0;;;425;0;0;;;426;0;;;412;0;0;;;423;0;;;404
36221.jpg;0;0;;;421;0;;;411;0;0;;;416;0;;;409;0;0;;;479;0;;;409
36253.jpg;0;0;;;421;1;;;407;0;0;;;424;0;;;396;1;1;;;419;0;;;407
36341.jpg;1;1;;;428;0;;;409;0;0;;;424;0;;;518;1;1;;;427;2;;;402
36397.jpg;0;0;;;430;0;;;412;0;0;;;428;0;;;411;0;0;;;417;1;;;402
36428.jpg;0;0;;;438;0;;;405;0;0;;;423;1;;;409;0;0;;;422;1;;;434
3647.jpg;0;0;;;478;0;;;401;0;0;;;430;0;;;430;0;0;;;429;0;;;406
36517.jpg;0;0;;;427;0;;;424;1;1;;;432;0;;;404;0;0;;;424;0;;;404
36571.jpg;0;0;;;496;0;;;407;0;0;;;424;0;;;406;0;0;;;423;0;;;405
36605.jpg;0;0;;;423;0;;;405;0;0;;;441;0;;;410;0;0;;;431;0;;;457
36695.jpg;0;0;;;421;0;;;408;0;0;;;420;0;;;416;0;0;;;409;0;;;407
36734.jpg;0;0;;;423;0;;;396;0;0;;;423;0;;;408;0;0;;;407;2;;;411
36782.jpg;0;0;;;402;0;;;408;0;0;;;425;0;;;419;0;0;;;442;0;;;412
3683.jpg;0;0;;;411;0;;;409;0;0;;;426;0;;;414;0;0;;;479;0;;;408
36869.jpg;0;0;;;404;0;;;414;0;0;;;404;2;;;437;0;0;;;434;0;;;414
36895.jpg;0;0;;;475;0;;;407;0;0;;;428;3;;;406;0;0;;;423;1;;;407
36958.jpg;0;0;;;426;0;;;515;0;0;;;457;0;;;410;0;0;;;430;1;;;491
37045.jpg;0;0;;;434;0;;;436;0;0;;;425;1;;;421;0;0;;;426;0;;;408
37060.jpg;1;1;;;424;1;;;420;0;0;;;421;0;;;410;0;0;;;422;0;;;413
37130.jpg;0;0;;;471;0;;;440;0;0;;;410;2;;;414;0;0;;;417;0;;;404
3718.jpg;0;0;;;531;1;;;429;0;0;;;422;0;;;461;0;0;;;436;0;;;416
37217.jpg;0;0;;;430;0;;;414;0;0;;;424;0;;;421;0;0;;;470;0;;;409
37228.jpg;0;0;;;412;2;;;404;1;1;;;420;0;;;417;0;0;;;427;0;;;415
37304.jpg;0;0;;;422;0;;;413;0;0;;;425;0;;;414;0;0;;;465;1;;;418
37391.jpg;0;0;;;419;0;;;411;0;0;;;417;0;;;416;0;0;;;421;0;;;422
37400.jpg;1;1;;;431;1;;;409;0;0;;;471;0;;;415;0;0;;;532;0;;;498
37478.jpg;0;0;;;413;1;;;404;0;0;;;419;1;;;409;1;1;;;414;0;;;419
3752.jpg;0;0;;;425;0;;;418;0;0;;;424;0;;;405;0;0;;;427;1;;;416
37564.jpg;0;0;;;513;0;;;410;0;0;;;415;0;;;413;0;0;;;421;0;;;413
37571.jpg;1;1;;;460;0;;;403;0;0;;;586;0;;;416;0;0;;;425;0;;;402
37649.jpg;0;0;;;423;0;;;406;0;0;;;411;0;;;458;0;0;;;411;0;;;409
37733.jpg;1;1;;;432;0;;;411;0;0;;;420;0;;;404;0;0;;;426;0;;;459
37744.jpg;0;0;;;428;0;;;406;0;0;;;417;0;;;407;0;0;;;425;0;;;411
37819.jpg;0;0;;;409;0;;;407;0;0;;;421;0;;;410;0;0;;;476;0;;;417
3782.jpg;0;0;;;408;0;;;421;0;0;;;492;1;;;412;0;0;;;436;0;;;409
3788.jpg;0;0;;;421;0;;;418;0;0;;;426;0;;;409;1;1;;;426;0;;;411
37901.jpg;0;0;;;419;0;;;415;0;0;;;451;0;;;421;0;0;;;423;1;;;436
37922.jpg;0;0;;;509;0;;;404;0;0;;;427;0;;;405;0;0;;;441;0;;;416
37984.jpg;0;0;;;420;0;;;524;0;0;;;435;0;;;423;0;0;;;414;1;;;428
38065.jpg;0;0;;;423;0;;;417;0;0;;;473;0;;;423;0;0;;;419;0;;;403
38111.jpg;0;0;;;476;0;;;420;1;1;;;423;1;;;413;0;0;;;412;0;;;431
38147.jpg;1;1;;;428;0;;;407;0;0;;;439;0;;;415;0;0;;;421;1;;;413
3821.jpg;0;0;;;428;0;;;419;0;0;;;426;1;;;418;1;1;;;422;0;;;422
38231.jpg;0;0;;;419;0;;;404;0;0;;;431;0;;;409;0;0;;;428;0;;;412
38305.jpg;0;0;;;416;1;;;407;0;0;;;427;1;;;413;0;0;;;452;1;;;416
38317.jpg;0;0;;;426;1;;;421;0;0;;;422;1;;;409;0;0;;;426;1;;;408
38399.jpg;0;0;;;489;1;;;404;0;0;;;445;2;;;411;0;0;;;427;0;;;412
38482.jpg;0;0;;;406;1;;;404;0;0;;;465;1;;;412;0;0;;;496;0;;;421
38495.jpg;0;0;;;427;0;;;415;0;0;;;472;0;;;420;0;0;;;422;3;;;404
38564.jpg;0;0;;;430;0;;;402;0;0;;;421;0;;;410;1;1;;;428;0;;;421
3857.jpg;0;0;;;423;0;;;476;0;0;;;427;0;;;421;0;0;;;423;0;;;415
38645.jpg;0;0;;;405;1;;;410;0;0;;;426;0;;;409;0;0;;;417;0;;;409
38672.jpg;0;0;;;427;0;;;399;1;1;;;423;0;;;407;0;0;;;426;0;;;409
38729.jpg;0;0;;;418;1;;;405;0;0;;;461;0;;;411;0;0;;;411;0;;;406
38809.jpg;0;0;;;422;0;;;411;0;0;;;432;2;;;418;0;0;;;482;1;;;408
38843.jpg;0;0;;;413;0;;;419;0;0;;;429;1;;;423;0;0;;;429;1;;;416
38890.jpg;0;0;;;491;0;;;413;0;0;;;410;0;;;405;0;0;;;428;2;;;415
3890.jpg;0;0;;;428;0;;;410;0;0;;;416;0;;;406;1;1;;;423;0;;;419
38968.jpg;1;1;;;427;0;;;414;0;0;;;428;0;;;414;0;0;;;426;1;;;415
39041.jpg;0;0;;;420;0;;;406;0;0;;;450;0;;;414;0;0;;;408;1;;;422
39049.jpg;0;0;;;414;0;;;406;1;1;;;419;0;;;483;0;0;;;432;1;;;429
39128.jpg;0;0;;;423;0;;;398;0;0;;;429;0;;;418;0;0;;;416;0;;;408
39208.jpg;0;0;;;423;0;;;410;1;1;;;412;0;;;407;0;0;;;420;0;;;403
39217.jpg;0;0;;;420;1;;;406;0;0;;;419;0;;;404;0;0;;;489;0;;;414
3923.jpg;0;0;;;418;0;;;404;0;0;;;517;0;;;409;0;0;;;456;0;;;473
39290.jpg;0;0;;;404;0;;;403;0;0;;;425;0;;;411;0;0;;;437;0;;;406
39365.jpg;0;0;;;425;0;;;456;0;0;;;429;0;;;416;0;0;;;423;1;;;407
39373.jpg;0;0;;;427;0;;;411;0;0;;;417;1;;;409;1;1;;;420;1;;;401
39455.jpg;0;0;;;425;0;;;412;1;1;;;422;1;;;413;0;0;;;460;0;;;414
39511.jpg;0;0;;;430;0;;;418;0;0;;;426;0;;;403;0;0;;;424;0;;;412
39539.jpg;0;0;;;484;0;;;400;0;0;;;426;0;;;397;0;0;;;423;0;;;405
3958.jpg;0;0;;;432;0;;;416;0;0;;;422;0;;;413;0;0;;;423;0;;;420
39629.jpg;0;0;;;431;0;;;419;0;0;;;427;0;;;417;0;0;;;431;0;;;422
39640.jpg;0;0;;;430;0;;;456;0;0;;;426;0;;;415;0;0;;;419;0;;;411
39722.jpg;0;0;;;429;1;;;421;0;0;;;426;0;;;428;0;0;;;420;0;;;406
39755.jpg;0;0;;;425;0;;;409;0;0;;;425;0;;;408;0;0;;;421;0;;;399
39820.jpg;0;0;;;430;0;;;415;0;0;;;552;0;;;418;0;0;;;525;0;;;416
39862.jpg;0;0;;;426;0;;;409;0;0;;;425;0;;;415;0;0;;;428;0;;;405
3992.jpg;0;0;;;425;0;;;406;0;0;;;435;0;;;563;0;0;;;426;1;;;442
39926.jpg;0;0;;;495;0;;;405;0;0;;;434;0;;;418;1;1;;;425;0;;;405
39958.jpg;0;0;;;423;0;;;417;0;0;;;419;0;;;420;0;0;;;427;0;;;416
40043.jpg;0;0;;;434;1;;;421;0;0;;;426;1;;;409;0;0;;;426;0;;;416
40057.jpg;0;0;;;451;0;;;409;1;1;;;404;0;;;411;0;0;;;403;0;;;408
40121.jpg;2;2;;;507;0;;;415;0;0;;;426;0;;;412;0;0;;;407;0;;;418
40141.jpg;0;0;;;405;0;;;407;0;0;;;421;2;;;450;0;0;;;421;0;;;411
40178.jpg;0;0;;;432;0;;;420;0;0;;;427;0;;;407;1;1;;;421;2;;;416
40190.jpg;0;0;;;431;0;;;400;0;0;;;444;0;;;408;0;0;;;421;0;;;408
40214.jpg;0;0;;;436;0;;;423;0;0;;;417;0;;;408;1;1;;;483;0;;;407
40250.jpg;0;0;;;424;0;;;413;1;1;;;433;0;;;409;0;0;;;422;0;;;419
4027.jpg;0;0;;;482;0;;;410;0;0;;;425;0;;;406;1;1;;;429;0;;;404
40288.jpg;0;0;;;440;0;;;416;0;0;;;528;2;;;423;1;1;;;425;0;;;471
40292.jpg;0;0;;;419;0;;;447;0;0;;;405;0;;;402;0;0;;;422;1;;;408
40325.jpg;0;0;;;430;0;;;497;0;0;;;424;0;;;418;0;0;;;479;0;;;416
4033.jpg;0;0;;;415;0;;;406;0;0;;;412;0;;;415;0;0;;;411;1;;;409
40363.jpg;0;0;;;423;0;;;409;1;1;;;421;0;;;406;0;0;;;411;0;;;414
40388.jpg;0;0;;;405;0;;;409;0;0;;;428;0;;;404;0;0;;;424;0;;;409
40400.jpg;0;0;;;465;0;;;413;0;0;;;427;0;;;405;1;1;;;423;0;;;406
40439.jpg;0;0;;;422;0;;;405;0;0;;;426;0;;;421;0;0;;;423;0;;;411
40477.jpg;0;0;;;427;0;;;405;0;0;;;421;1;;;423;0;0;;;416;1;;;404
40481.jpg;0;0;;;425;0;;;418;0;0;;;420;0;;;408;0;0;;;446;1;;;432
40516.jpg;0;0;;;424;0;;;412;0;0;;;405;2;;;407;0;0;;;427;0;;;417
40553.jpg;0;0;;;421;0;;;404;0;0;;;426;1;;;499;0;0;;;449;0;;;435
40576.jpg;0;0;;;492;0;;;404;0;0;;;468;1;;;417;0;0;;;418;0;;;409
40591.jpg;0;0;;;433;0;;;438;0;0;;;431;0;;;453;0;0;;;430;0;;;405
4061.jpg;2;2;;;425;1;;;405;0;0;;;424;0;;;408;0;0;;;418;0;;;421
40627.jpg;0;0;;;429;0;;;411;0;0;;;424;1;;;437;1;1;;;444;0;;;414
40666.jpg;0;0;;;428;0;;;401;0;0;;;414;1;;;413;0;0;;;432;0;;;407
40672.jpg;0;0;;;421;0;;;403;0;0;;;427;0;;;424;1;1;;;420;0;;;406
40706.jpg;0;0;;;449;0;;;409;0;0;;;423;0;;;409;1;1;;;473;0;;;398
40742.jpg;1;1;;;423;0;;;411;0;0;;;416;1;;;407;0;0;;;428;0;;;416
40745.jpg;1;1;;;419;2;;;406;0;0;;;422;0;;;419;0;0;;;452;0;;;421
40784.jpg;0;0;;;428;0;;;407;0;0;;;424;0;;;413;0;0;;;416;0;;;405
40822.jpg;0;0;;;409;0;;;419;1;1;;;402;1;;;415;0;0;;;455;0;;;421
40825.jpg;1;1;;;420;0;;;411;0;0;;;420;0;;;417;0;0;;;428;0;;;436
40867.jpg;0;0;;;429;0;;;470;0;0;;;416;1;;;418;0;0;;;402;0;;;400
40891.jpg;0;0;;;419;0;;;402;1;1;;;429;0;;;415;0;0;;;429;0;;;406
40907.jpg;0;0;;;426;0;;;417;0;0;;;419;0;;;435;0;0;;;420;0;;;420
40946.jpg;0;0;;;425;0;;;507;0;0;;;428;0;;;449;0;0;;;426;0;;;424
40961.jpg;0;0;;;419;0;;;413;0;0;;;413;2;;;481;0;0;;;422;0;;;417
4097.jpg;0;0;;;476;0;;;417;0;0;;;427;0;;;420;0;0;;;469;0;;;408
40985.jpg;0;0;;;429;0;;;404;0;0;;;438;0;;;529;0;0;;;420;0;;;502
41027.jpg;0;0;;;423;0;;;408;0;0;;;412;0;;;417;0;0;;;413;0;;;407
41029.jpg;0;0;;;425;0;;;408;0;0;;;426;0;;;417;0;0;;;420;0;;;404
41066.jpg;0;0;;;424;0;;;414;0;0;;;417;0;;;406;0;0;;;417;0;;;415
41105.jpg;1;1;;;421;0;;;422;0;0;;;427;0;;;487;0;0;;;423;0;;;403
41107.jpg;0;0;;;426;0;;;421;0;0;;;420;0;;;405;0;0;;;410;0;;;415
41146.jpg;0;0;;;408;1;;;423;0;0;;;425;0;;;414;0;0;;;441;0;;;408
41182.jpg;0;0;;;412;0;;;407;0;0;;;543;0;;;412;0;0;;;427;0;;;407
41186.jpg;0;0;;;424;0;;;409;0;0;;;425;0;;;406;1;1;;;424;0;;;404
41228.jpg;0;0;;;425;0;;;447;0;0;;;426;0;;;420;0;0;;;500;0;;;425
41254.jpg;0;0;;;414;0;;;405;0;0;;;418;0;;;405;0;0;;;428;0;;;399
41270.jpg;0;0;;;455;0;;;410;0;0;;;409;0;;;418;0;0;;;423;0;;;408
4130.jpg;0;0;;;428;0;;;413;0;0;;;429;0;;;415;0;0;;;406;0;;;421
41309.jpg;0;0;;;422;0;;;414;0;0;;;408;0;;;408;0;0;;;420;0;;;407
41332.jpg;0;0;;;454;0;;;412;1;1;;;408;0;;;420;0;0;;;425;0;;;421
41350.jpg;1;1;;;459;0;;;404;0;0;;;427;0;;;417;0;0;;;425;0;;;406
41390.jpg;0;0;;;429;0;;;412;0;0;;;414;0;;;407;0;0;;;426;0;;;406
41411.jpg;0;0;;;475;0;;;415;0;0;;;420;0;;;402;0;0;;;425;1;;;418
41429.jpg;0;0;;;424;0;;;417;0;0;;;419;0;;;407;0;0;;;423;0;;;409
41471.jpg;0;0;;;471;0;;;407;0;0;;;423;0;;;410;0;0;;;441;0;;;404
41483.jpg;0;0;;;469;0;;;407;0;0;;;433;0;;;421;0;0;;;436;0;;;402
41512.jpg;0;0;;;423;0;;;405;0;0;;;423;1;;;409;1;1;;;405;0;;;415
41549.jpg;0;0;;;432;1;;;415;0;0;;;435;1;;;419;0;0;;;433;0;;;409
41567.jpg;0;0;;;436;0;;;431;0;0;;;433;0;;;420;1;1;;;413;0;;;408
41588.jpg;0;0;;;424;0;;;406;0;0;;;424;0;;;422;0;0;;;435;0;;;419
41629.jpg;0;0;;;427;1;;;404;0;0;;;428;0;;;527;0;0;;;422;0;;;419
41644.jpg;0;0;;;411;0;;;412;0;0;;;405;0;;;406;0;0;;;426;0;;;405
4166.jpg;1;1;;;424;0;;;408;0;0;;;427;0;;;471;1;1;;;562;1;;;403
41668.jpg;0;0;;;428;0;;;418;0;0;;;419;0;;;404;0;0;;;422;0;;;419
41707.jpg;0;0;;;429;0;;;412;1;1;;;420;0;;;409;0;0;;;430;0;;;409
41725.jpg;0;0;;;465;1;;;472;2;2;;;438;0;;;442;0;0;;;441;0;;;421
41746.jpg;0;0;;;419;0;;;412;1;1;;;417;1;;;413;1;1;;;417;0;;;420
41786.jpg;0;0;;;417;0;;;409;0;0;;;425;0;;;402;0;0;;;418;1;;;408
41801.jpg;0;0;;;422;0;;;414;1;1;;;422;0;;;412;0;0;;;407;0;;;452
41825.jpg;0;0;;;409;1;;;412;0;0;;;426;0;;;419;0;0;;;426;0;;;405
41864.jpg;0;0;;;429;0;;;415;0;0;;;416;0;;;404;0;0;;;421;1;;;410
41887.jpg;0;0;;;422;0;;;405;1;1;;;435;0;;;407;0;0;;;429;0;;;405
41903.jpg;0;0;;;425;0;;;418;0;0;;;419;0;;;404;0;0;;;444;0;;;424
41942.jpg;0;0;;;424;0;;;419;0;0;;;420;0;;;410;0;0;;;419;1;;;490
41971.jpg;0;0;;;418;0;;;410;0;0;;;420;0;;;411;0;0;;;458;0;;;398
41981.jpg;1;1;;;421;0;;;413;0;0;;;417;0;;;407;0;0;;;423;0;;;410
4199.jpg;0;0;;;418;0;;;416;1;1;;;428;0;;;408;0;0;;;423;0;;;408
42019.jpg;0;0;;;427;0;;;456;0;0;;;425;0;;;417;0;0;;;426;0;;;412
42050.jpg;0;0;;;420;0;;;408;1;1;;;428;0;;;410;0;0;;;438;0;;;405
42058.jpg;0;0;;;414;0;;;408;0;0;;;426;0;;;411;0;0;;;434;0;;;417
42098.jpg;0;0;;;421;0;;;421;0;0;;;488;0;;;407;0;0;;;424;0;;;420
42130.jpg;1;1;;;423;0;;;423;0;0;;;424;0;;;402;1;1;;;444;0;;;411
42137.jpg;0;0;;;460;0;;;403;0;0;;;580;0;;;403;0;0;;;426;0;;;416
42176.jpg;1;1;;;419;0;;;403;0;0;;;425;0;;;450;0;0;;;503;0;;;410
42206.jpg;0;0;;;422;0;;;412;0;0;;;422;2;;;415;0;0;;;425;0;;;407
42217.jpg;0;0;;;423;0;;;408;0;0;;;421;1;;;397;0;0;;;424;0;;;406
42257.jpg;0;0;;;417;0;;;418;0;0;;;434;0;;;420;0;0;;;422;0;;;402
42289.jpg;0;0;;;427;0;;;411;0;0;;;472;0;;;416;0;0;;;427;0;;;438
42296.jpg;0;0;;;427;0;;;412;0;0;;;417;0;;;396;0;0;;;513;1;;;409
42335.jpg;0;0;;;417;0;;;407;0;0;;;485;0;;;419;0;0;;;429;0;;;412
4235.jpg;0;0;;;426;0;;;412;1;1;;;419;0;;;411;0;0;;;405;0;;;405
42365.jpg;0;0;;;431;0;;;481;0;0;;;423;0;;;409;0;0;;;427;0;;;417
42376.jpg;0;0;;;421;1;;;415;0;0;;;476;0;;;403;0;0;;;454;0;;;411
42416.jpg;0;0;;;419;0;;;406;0;0;;;408;0;;;412;0;0;;;448;0;;;402
42440.jpg;0;0;;;466;0;;;436;0;0;;;422;0;;;408;0;0;;;490;0;;;408
42457.jpg;0;0;;;424;0;;;482;0;0;;;427;2;;;415;0;0;;;427;0;;;406
42497.jpg;0;0;;;433;0;;;417;1;1;;;418;0;;;416;0;0;;;427;0;;;491
42521.jpg;0;0;;;477;0;;;410;0;0;;;404;0;;;403;0;0;;;413;0;;;486
42538.jpg;0;0;;;425;0;;;433;0;0;;;443;0;;;435;0;0;;;414;0;;;404
42578.jpg;0;0;;;421;0;;;408;0;0;;;511;0;;;417;0;0;;;450;0;;;413
42604.jpg;0;0;;;445;0;;;407;0;0;;;429;0;;;415;0;0;;;424;0;;;401
42620.jpg;0;0;;;434;0;;;429;0;0;;;434;0;;;419;0;0;;;424;0;;;421
42662.jpg;0;0;;;427;0;;;417;0;0;;;437;2;;;418;0;0;;;424;0;;;428
42689.jpg;0;0;;;426;0;;;409;0;0;;;425;0;;;409;0;0;;;436;0;;;408
4270.jpg;0;0;;;431;0;;;420;0;0;;;542;2;;;462;0;0;;;430;0;;;488
42703.jpg;0;0;;;432;0;;;418;0;0;;;422;0;;;416;0;0;;;426;1;;;414
4274.jpg;0;0;;;427;0;;;409;0;0;;;425;0;;;416;1;1;;;493;0;;;407
42745.jpg;0;0;;;424;0;;;412;0;0;;;425;0;;;414;1;1;;;435;0;;;419
42776.jpg;0;0;;;427;0;;;564;0;0;;;428;1;;;441;0;0;;;429;1;;;422
42785.jpg;1;1;;;420;0;;;401;0;0;;;426;0;;;413;1;1;;;424;0;;;445
42824.jpg;0;0;;;436;1;;;411;0;0;;;415;1;;;406;1;1;;;406;0;;;406
42859.jpg;0;0;;;425;1;;;413;0;0;;;422;0;;;432;0;0;;;406;1;;;411
42865.jpg;1;1;;;427;0;;;421;1;1;;;424;0;;;427;0;0;;;427;1;;;419
42905.jpg;0;0;;;414;0;;;404;0;0;;;550;0;;;418;0;0;;;435;0;;;419
42940.jpg;0;0;;;429;0;;;429;0;0;;;433;1;;;417;0;0;;;434;2;;;410
42946.jpg;1;1;;;420;0;;;408;0;0;;;411;1;;;405;0;0;;;414;0;;;406
42986.jpg;0;0;;;422;0;;;408;0;0;;;426;0;;;410;0;0;;;420;0;;;408
43019.jpg;0;0;;;430;0;;;422;0;0;;;417;0;;;407;0;0;;;424;0;;;427
43028.jpg;0;0;;;432;0;;;421;0;0;;;418;0;;;409;0;0;;;409;1;;;407
4304.jpg;0;0;;;423;0;;;403;0;0;;;432;0;;;415;0;0;;;409;0;;;403
43067.jpg;0;0;;;420;0;;;402;0;0;;;427;0;;;400;0;0;;;421;0;;;411
43099.jpg;0;0;;;413;0;;;440;0;0;;;413;3;;;406;0;0;;;508;0;;;407
43108.jpg;0;0;;;406;0;;;404;0;0;;;425;2;;;415;0;0;;;413;0;;;405
43148.jpg;0;0;;;420;0;;;419;0;0;;;414;0;;;406;0;0;;;425;1;;;421
43177.jpg;0;0;;;415;1;;;418;0;0;;;426;1;;;412;0;0;;;415;0;;;403
43187.jpg;0;0;;;426;0;;;404;0;0;;;431;2;;;405;0;0;;;427;0;;;449
43229.jpg;0;0;;;430;1;;;446;0;0;;;421;2;;;421;0;0;;;413;1;;;408
43249.jpg;0;0;;;416;1;;;403;0;0;;;425;1;;;423;0;0;;;422;1;;;405
43270.jpg;0;0;;;439;0;;;418;0;0;;;417;3;;;406;0;0;;;428;1;;;421
43312.jpg;0;0;;;420;1;;;410;1;1;;;459;0;;;406;1;1;;;447;0;;;407
43315.jpg;0;0;;;468;1;;;406;0;0;;;417;3;;;408;0;0;;;429;0;;;410
43355.jpg;1;1;;;425;1;;;408;0;0;;;483;0;;;417;0;0;;;421;0;;;410
43378.jpg;0;0;;;428;1;;;453;0;0;;;430;2;;;477;0;0;;;429;0;;;495
4339.jpg;0;0;;;420;0;;;430;0;0;;;423;0;;;408;0;0;;;420;1;;;426
43397.jpg;0;0;;;421;1;;;410;0;0;;;469;0;;;478;0;0;;;429;0;;;405
43439.jpg;0;0;;;423;0;;;409;0;0;;;433;1;;;408;0;0;;;418;0;;;408
43441.jpg;0;0;;;504;0;;;486;0;0;;;423;1;;;413;0;0;;;427;0;;;415
43484.jpg;0;0;;;422;2;;;410;0;0;;;427;2;;;478;1;1;;;431;0;;;406
43499.jpg;0;0;;;429;2;;;411;0;0;;;425;0;;;428;0;0;;;432;0;;;406
43526.jpg;0;0;;;428;0;;;417;0;0;;;417;1;;;423;0;0;;;429;1;;;403
43559.jpg;0;0;;;511;0;;;409;0;0;;;421;1;;;414;1;1;;;421;0;;;409
43570.jpg;0;0;;;418;0;;;406;0;0;;;422;2;;;410;0;0;;;415;0;;;412
43613.jpg;0;0;;;426;0;;;408;0;0;;;424;0;;;406;0;0;;;495;1;;;405
43616.jpg;1;1;;;425;0;;;408;0;0;;;436;0;;;416;1;1;;;419;1;;;406
43655.jpg;0;0;;;424;0;;;413;0;0;;;421;0;;;470;0;0;;;424;0;;;407
43673.jpg;0;0;;;429;0;;;416;0;0;;;416;0;;;405;0;0;;;422;0;;;416
43697.jpg;0;0;;;416;0;;;405;0;0;;;426;0;;;407;0;0;;;428;0;;;409
4373.jpg;0;0;;;424;0;;;394;1;1;;;423;0;;;407;0;0;;;412;0;;;413
43732.jpg;0;0;;;403;0;;;409;0;0;;;488;1;;;418;0;0;;;427;0;;;403
43739.jpg;0;0;;;419;0;;;401;0;0;;;426;0;;;422;0;0;;;498;0;;;408
43781.jpg;0;0;;;469;0;;;415;0;0;;;476;1;;;404;0;0;;;427;0;;;420
43790.jpg;0;0;;;445;0;;;418;0;0;;;428;2;;;410;0;0;;;408;0;;;412
43823.jpg;0;0;;;426;0;;;440;0;0;;;445;0;;;405;0;0;;;424;0;;;405
43850.jpg;0;0;;;426;0;;;413;0;0;;;520;0;;;404;0;0;;;435;1;;;416
43867.jpg;0;0;;;425;0;;;412;0;0;;;451;0;;;411;0;0;;;432;0;;;412
43909.jpg;0;0;;;417;0;;;408;0;0;;;431;0;;;404;0;0;;;418;0;;;415
43913.jpg;0;0;;;437;0;;;417;0;0;;;424;1;;;415;0;0;;;459;0;;;439
43952.jpg;0;0;;;422;0;;;411;0;0;;;422;2;;;412;0;0;;;417;1;;;406
43976.jpg;0;0;;;434;1;;;433;0;0;;;427;3;;;473;0;0;;;422;0;;;398
43994.jpg;0;0;;;421;2;;;410;1;1;;;420;3;;;416;0;0;;;423;1;;;415
44036.jpg;0;0;;;415;1;;;405;0;0;;;438;4;;;406;0;0;;;427;0;;;410
44038.jpg;0;0;;;427;1;;;405;0;0;;;425;4;;;413;0;0;;;461;0;;;405
4406.jpg;0;0;;;508;0;;;419;0;0;;;484;0;;;402;0;0;;;557;0;;;405
44078.jpg;1;1;;;428;0;;;406;0;0;;;427;5;;;415;1;1;;;438;0;;;410
44102.jpg;1;1;;;432;0;;;463;0;0;;;415;2;;;409;0;0;;;418;1;;;417
44120.jpg;1;1;;;419;0;;;434;0;0;;;426;3;;;416;0;0;;;423;0;;;406
44161.jpg;0;0;;;428;2;;;418;0;0;;;425;4;;;400;0;0;;;437;1;;;423
44167.jpg;0;0;;;427;0;;;417;0;0;;;471;4;;;414;0;0;;;418;0;;;417
44203.jpg;0;0;;;424;5;;;409;0;0;;;424;5;;;404;0;0;;;456;2;;;405
44233.jpg;0;0;;;434;6;;;416;0;0;;;428;3;;;407;0;0;;;429;2;;;417
44245.jpg;1;1;;;456;0;;;407;0;0;;;427;0;;;411;0;0;;;423;1;;;410
4427.jpg;0;0;;;425;0;;;399;0;0;;;418;0;;;414;0;0;;;424;1;;;475
44287.jpg;0;0;;;422;3;;;407;0;0;;;411;1;;;416;0;0;;;425;2;;;413
44302.jpg;0;0;;;405;1;;;401;0;0;;;515;6;;;421;1;1;;;426;1;;;408
44329.jpg;0;0;;;405;0;;;405;0;0;;;431;4;;;417;1;1;;;418;1;;;432
44371.jpg;0;0;;;438;2;;;415;0;0;;;543;6;;;406;0;0;;;428;0;;;411
44374.jpg;0;0;;;421;3;;;489;0;0;;;433;6;;;406;0;0;;;424;2;;;411
4441.jpg;0;0;;;426;0;;;436;1;1;;;429;0;;;432;0;0;;;433;0;;;409
44411.jpg;0;0;;;428;3;;;406;0;0;;;446;4;;;416;0;0;;;479;1;;;402
44450.jpg;0;0;;;451;1;;;412;0;0;;;416;3;;;403;0;0;;;405;1;;;410
44453.jpg;0;0;;;419;1;;;404;1;1;;;482;1;;;410;0;0;;;468;0;;;407
44495.jpg;0;0;;;425;0;;;412;0;0;;;430;3;;;405;0;0;;;406;0;;;414
44531.jpg;2;2;;;417;0;;;412;0;0;;;428;2;;;421;0;0;;;441;0;;;406
44537.jpg;1;1;;;416;0;;;419;1;1;;;426;3;;;419;0;0;;;427;0;;;412
44578.jpg;0;0;;;428;0;;;416;0;0;;;434;4;;;411;0;0;;;429;0;;;415
44620.jpg;0;0;;;409;0;;;422;0;0;;;424;2;;;406;0;0;;;417;0;;;430
44621.jpg;0;0;;;432;0;;;414;0;0;;;420;0;;;407;0;0;;;512;1;;;421
44660.jpg;0;0;;;487;0;;;416;0;0;;;420;0;;;403;0;0;;;428;0;;;416
44702.jpg;0;0;;;428;1;;;438;0;0;;;425;2;;;433;0;0;;;426;1;;;411
44720.jpg;0;0;;;474;2;;;405;0;0;;;426;3;;;403;0;0;;;463;1;;;414
44743.jpg;0;0;;;510;2;;;418;0;0;;;415;4;;;415;0;0;;;418;0;;;413
4475.jpg;1;1;;;423;1;;;460;0;0;;;419;0;;;432;0;0;;;424;1;;;406
44783.jpg;1;1;;;428;0;;;402;3;3;;;433;2;;;416;0;0;;;426;1;;;421
44816.jpg;0;0;;;526;0;;;414;0;0;;;472;2;;;409;1;1;;;424;0;;;404
44825.jpg;0;0;;;406;1;;;412;1;1;;;427;3;;;409;0;0;;;458;0;;;422
44867.jpg;0;0;;;420;0;;;406;0;0;;;419;2;;;417;0;0;;;424;0;;;412
44908.jpg;0;0;;;413;0;;;413;1;1;;;418;2;;;409;0;0;;;428;1;;;428
44911.jpg;0;0;;;417;0;;;542;0;0;;;421;3;;;408;0;0;;;422;0;;;415
4492.jpg;0;0;;;427;0;;;410;1;1;;;430;0;;;404;0;0;;;427;0;;;510
44948.jpg;0;0;;;481;0;;;448;0;0;;;424;1;;;412;1;1;;;414;0;;;417
44990.jpg;0;0;;;430;1;;;420;0;0;;;419;3;;;411;0;0;;;415;1;;;417
45008.jpg;0;0;;;456;1;;;397;1;1;;;423;6;;;414;1;1;;;422;0;;;402
45034.jpg;0;0;;;414;1;;;409;0;0;;;425;4;;;406;0;0;;;427;1;;;470
45073.jpg;0;0;;;448;1;;;404;0;0;;;405;5;;;411;1;1;;;414;0;;;434
45109.jpg;1;1;;;450;1;;;413;0;0;;;408;5;;;406;0;0;;;423;0;;;411
45113.jpg;0;0;;;427;2;;;406;1;1;;;419;5;;;421;0;0;;;429;0;;;407
45155.jpg;0;0;;;497;0;;;404;0;0;;;438;2;;;404;2;2;;;429;2;;;410
45196.jpg;0;0;;;415;0;;;406;0;0;;;443;1;;;416;0;0;;;420;3;;;412
45209.jpg;0;0;;;513;0;;;412;0;0;;;406;2;;;405;0;0;;;425;3;;;401
45236.jpg;0;0;;;424;2;;;414;0;0;;;430;1;;;417;0;0;;;419;2;;;410
45278.jpg;0;0;;;441;2;;;414;0;0;;;419;2;;;503;0;0;;;414;7;;;413
4528.jpg;0;0;;;413;0;;;418;1;1;;;422;0;;;399;0;0;;;422;0;;;409
45313.jpg;0;0;;;424;3;;;418;0;0;;;426;4;;;407;0;0;;;423;11;[[0.9287029792320171, -0.24776754037370535, 43.836065028047194], [0.11895470599134894, 0.8803940960655289, -457.10514725816194], [-2.7741457941710727e-05, -0.00011220141449889016, 0.9999999999999999]];[[1.5170929891617036e-06, -1.0741505925812594e-05, 0.004858517357620052], [1.0614168372270638e-05, 1.525276502574896e-06, -0.01134626513697572], [-0.011753999971893922, 0.010578901660907589, 5.3107868340766595]];413
45319.jpg;0;0;;;421;2;;;404;1;1;;;409;4;;;415;0;0;;;476;8;[[0.9595381677845953, -0.21857021362191373, 141.709890260336], [0.1255340551952919, 0.9510721616579497, -689.2317792002399], [-2.7707189350768586e-05, -6.908749308085631e-05, 1.0]];[[-0.5393964681162566, 3.7739303355715337, -1663.8458852362896], [-3.778690249073349, -0.5449628358496013, 4348.39899126737], [4884.915740753735, -3531.17933196139, -3109104.6669387952]];407
45359.jpg;0;0;;;414;2;;;406;0;0;;;425;1;;;403;0;0;;;424;5;;;422
45401.jpg;0;0;;;472;1;;;408;0;0;;;433;3;;;416;0;0;;;420;3;;;409
45418.jpg;1;1;;;429;0;;;405;0;0;;;427;4;;;406;0;0;;;443;1;;;444
45442.jpg;0;0;;;420;0;;;409;0;0;;;435;1;;;417;0;0;;;424;0;;;411
45482.jpg;1;1;;;462;0;;;411;0;0;;;425;0;;;400;0;0;;;429;0;;;408
45518.jpg;0;0;;;423;0;;;417;0;0;;;450;0;;;424;0;0;;;440;0;;;406
45524.jpg;0;0;;;454;0;;;405;0;0;;;422;0;;;416;0;0;;;420;0;;;408
45563.jpg;0;0;;;428;0;;;416;0;0;;;494;1;;;404;0;0;;;422;1;;;415
45605.jpg;0;0;;;426;0;;;406;0;0;;;415;2;;;411;0;0;;;488;0;;;410
45617.jpg;1;1;;;461;0;;;407;0;0;;;436;1;;;406;0;0;;;443;0;;;405
45644.jpg;0;0;;;426;1;;;416;0;0;;;417;1;;;409;0;0;;;420;0;;;400
45686.jpg;0;0;;;515;0;;;419;1;1;;;458;0;;;417;1;1;;;423;0;;;422
45719.jpg;1;1;;;408;1;;;409;0;0;;;417;0;;;420;1;1;;;426;0;;;406
45725.jpg;0;0;;;496;0;;;403;0;0;;;424;0;;;402;2;2;;;427;0;;;420
45767.jpg;0;0;;;425;1;;;420;0;0;;;421;0;;;416;0;0;;;422;0;;;443
45806.jpg;0;0;;;424;1;;;405;0;0;;;504;1;;;427;0;0;;;427;0;;;407
45818.jpg;0;0;;;426;0;;;436;0;0;;;473;0;;;404;0;0;;;484;0;;;415
45847.jpg;0;0;;;426;0;;;424;0;0;;;430;0;;;416;0;0;;;420;1;;;409
45887.jpg;0;0;;;478;0;;;424;0;0;;;421;0;;;413;0;0;;;490;0;;;414
45917.jpg;1;1;;;407;0;;;407;0;0;;;426;0;;;411;0;0;;;425;0;;;419
45926.jpg;0;0;;;428;1;;;411;0;0;;;429;0;;;438;0;0;;;415;1;;;407
45968.jpg;0;0;;;426;0;;;404;0;0;;;428;0;;;417;0;0;;;426;0;;;408
4598.jpg;0;0;;;424;0;;;417;0;0;;;419;0;;;425;0;0;;;443;0;;;404
46007.jpg;0;0;;;467;0;;;404;0;0;;;430;1;;;445;0;0;;;424;0;;;413
46016.jpg;0;0;;;433;0;;;422;0;0;;;482;0;;;408;0;0;;;423;0;;;412
46049.jpg;0;0;;;417;0;;;407;0;0;;;407;1;;;406;0;0;;;421;1;;;406
46091.jpg;0;0;;;424;0;;;405;0;0;;;435;0;;;412;0;0;;;432;0;;;430
46127.jpg;0;0;;;420;0;;;405;0;0;;;411;0;;;410;1;1;;;437;0;;;403
46133.jpg;0;0;;;417;0;;;429;0;0;;;429;0;;;409;0;0;;;419;1;;;410
46175.jpg;0;0;;;409;0;;;396;0;0;;;421;0;;;408;0;0;;;416;1;;;412
4621.jpg;0;0;;;419;0;;;401;0;0;;;423;0;;;403;0;0;;;465;0;;;411
46217.jpg;0;0;;;439;0;;;428;0;0;;;426;0;;;408;1;1;;;428;0;;;417
46237.jpg;1;1;;;461;0;;;416;1;1;;;422;0;;;415;0;0;;;426;0;;;419
46258.jpg;0;0;;;432;0;;;402;0;0;;;440;1;;;456;0;0;;;417;0;;;428
46298.jpg;0;0;;;407;0;;;413;0;0;;;428;0;;;416;0;0;;;424;0;;;406
46339.jpg;1;1;;;425;0;;;439;0;0;;;422;0;;;420;0;0;;;423;1;;;406
46340.jpg;0;0;;;426;0;;;403;0;0;;;433;0;;;414;0;0;;;510;0;;;410
46378.jpg;0;0;;;439;0;;;420;0;0;;;425;0;;;409;0;0;;;490;0;;;407
46418.jpg;0;0;;;428;0;;;416;0;0;;;423;0;;;412;0;0;;;427;0;;;409
46445.jpg;0;0;;;479;0;;;414;0;0;;;426;1;;;414;0;0;;;426;0;;;414
46457.jpg;0;0;;;421;1;;;406;0;0;;;426;0;;;416;0;0;;;418;0;;;413
46496.jpg;0;0;;;429;2;;;413;0;0;;;455;0;;;404;0;0;;;417;1;;;490
46535.jpg;0;0;;;436;0;;;515;0;0;;;420;0;;;406;1;1;;;478;0;;;419
46550.jpg;0;0;;;403;0;;;408;0;0;;;428;0;;;471;1;1;;;407;0;;;406
46574.jpg;0;0;;;476;0;;;410;0;0;;;416;0;;;408;1;1;;;424;1;;;415
46613.jpg;1;1;;;416;0;;;413;0;0;;;400;0;;;402;0;0;;;467;0;;;407
46651.jpg;0;0;;;429;0;;;414;0;0;;;419;0;;;406;0;0;;;424;0;;;415
46652.jpg;1;1;;;418;0;;;463;0;0;;;414;0;;;409;0;0;;;411;0;;;405
4667.jpg;0;0;;;422;0;;;421;0;0;;;434;1;;;419;0;0;;;427;0;;;417
46691.jpg;0;0;;;405;0;;;405;0;0;;;424;0;;;419;1;1;;;428;0;;;411
46729.jpg;0;0;;;405;0;;;415;0;0;;;415;0;;;413;0;0;;;417;1;;;414
46750.jpg;0;0;;;406;0;;;407;0;0;;;428;0;;;445;1;1;;;424;1;;;402
46770.jpg;0;0;;;430;0;;;423;0;0;;;425;2;;;421;1;1;;;419;0;;;425
46805.jpg;1;1;;;453;0;;;409;1;1;;;426;0;;;421;0;0;;;416;0;;;423
46844.jpg;0;0;;;421;0;;;412;0;0;;;428;0;;;415;0;0;;;418;0;;;419
46850.jpg;0;0;;;421;0;;;411;0;0;;;426;0;;;413;0;0;;;410;0;;;398
46883.jpg;2;2;;;422;0;;;478;0;0;;;423;0;;;417;0;0;;;473;0;;;437
46921.jpg;0;0;;;418;0;;;418;0;0;;;423;0;;;403;0;0;;;427;0;;;415
46958.jpg;0;0;;;409;0;;;406;0;0;;;427;0;;;408;0;0;;;428;0;;;405
46960.jpg;0;0;;;431;0;;;411;0;0;;;426;0;;;407;0;0;;;428;1;;;410
46997.jpg;0;0;;;513;1;;;412;0;0;;;426;0;;;421;0;0;;;490;1;;;421
47036.jpg;0;0;;;426;0;;;412;0;0;;;413;0;;;420;0;0;;;423;1;;;412
47069.jpg;0;0;;;424;0;;;397;0;0;;;414;0;;;407;1;1;;;438;0;;;414
47075.jpg;0;0;;;434;0;;;465;1;1;;;434;1;;;411;2;2;;;426;0;;;406
47114.jpg;2;2;;;424;0;;;437;0;0;;;428;1;;;402;0;0;;;428;0;;;414
47152.jpg;0;0;;;425;1;;;412;1;1;;;411;0;;;414;0;0;;;452;0;;;412
47177.jpg;0;0;;;415;0;;;407;0;0;;;421;0;;;416;0;0;;;419;0;;;412
47191.jpg;0;0;;;418;0;;;413;0;0;;;414;0;;;398;0;0;;;421;0;;;403
47228.jpg;0;0;;;427;1;;;418;0;0;;;454;1;;;405;0;0;;;426;0;;;407
47267.jpg;0;0;;;424;0;;;405;1;1;;;428;5;;;408;0;0;;;427;0;;;404
47288.jpg;0;0;;;425;0;;;414;0;0;;;423;2;;;412;0;0;;;436;0;;;510
47306.jpg;0;0;;;406;0;;;408;0;0;;;427;1;;;417;0;0;;;438;1;;;407
47345.jpg;0;0;;;422;0;;;413;0;0;;;418;1;;;410;0;0;;;419;0;;;416
47383.jpg;0;0;;;419;0;;;474;0;0;;;423;0;;;414;0;0;;;423;0;;;416
4739.jpg;0;0;;;424;0;;;408;0;0;;;536;0;;;408;0;0;;;486;0;;;404
47402.jpg;0;0;;;423;0;;;416;0;0;;;424;0;;;426;0;0;;;423;0;;;412
47420.jpg;0;0;;;482;0;;;416;1;1;;;422;0;;;410;0;0;;;426;1;;;415
47458.jpg;0;0;;;421;0;;;408;0;0;;;424;0;;;408;0;0;;;423;1;;;414
47495.jpg;0;0;;;419;0;;;397;0;0;;;428;1;;;465;0;0;;;442;0;;;421
47531.jpg;0;0;;;462;0;;;403;0;0;;;422;0;;;413;0;0;;;418;0;;;410
47554.jpg;0;0;;;408;0;;;409;0;0;;;425;0;;;399;0;0;;;426;0;;;407
47567.jpg;1;1;;;524;0;;;418;0;0;;;414;0;;;410;0;0;;;421;0;;;416
47603.jpg;0;0;;;420;0;;;403;0;0;;;473;0;;;416;1;1;;;419;1;;;403
47641.jpg;0;0;;;416;0;;;408;0;0;;;407;0;;;421;0;0;;;545;0;;;406
47677.jpg;0;0;;;432;0;;;433;0;0;;;415;0;;;408;0;0;;;430;0;;;421
47714.jpg;0;0;;;427;0;;;417;0;0;;;468;0;;;410;0;0;;;443;0;;;416
47716.jpg;0;0;;;429;0;;;415;1;1;;;407;0;;;414;0;0;;;441;0;;;408
47752.jpg;0;0;;;459;0;;;416;1;1;;;493;0;;;406;0;0;;;422;0;;;413
47788.jpg;0;0;;;414;1;;;418;0;0;;;404;0;;;407;0;0;;;425;0;;;494
4810.jpg;0;0;;;428;0;;;404;0;0;;;544;0;;;439;0;0;;;424;0;;;407
4880.jpg;0;0;;;428;0;;;411;1;1;;;423;0;;;403;0;0;;;421;0;;;408
4889.jpg;0;0;;;426;0;;;420;0;0;;;421;0;;;417;0;0;;;403;0;;;421
4952.jpg;0;0;;;425;0;;;417;0;0;;;426;1;;;406;0;0;;;431;1;;;417
5027.jpg;0;0;;;421;0;;;407;0;0;;;423;0;;;410;0;0;;;417;0;;;406
5102.jpg;0;0;;;415;0;;;436;0;0;;;434;0;;;409;0;0;;;415;0;;;412
5132.jpg;1;1;;;418;0;;;423;0;0;;;418;0;;;413;0;0;;;420;1;;;411
5180.jpg;0;0;;;405;0;;;402;0;0;;;426;0;;;414;0;0;;;419;0;;;411
5261.jpg;0;0;;;428;0;;;406;1;1;;;427;0;;;404;0;0;;;456;0;;;411
5339.jpg;0;0;;;410;0;;;419;1;1;;;422;0;;;415;0;0;;;425;0;;;416
5357.jpg;0;0;;;411;0;;;408;0;0;;;425;0;;;411;0;0;;;428;0;;;405
5420.jpg;0;0;;;422;0;;;433;0;0;;;420;2;;;418;0;0;;;420;0;;;408
5500.jpg;0;0;;;409;0;;;415;0;0;;;428;1;;;437;0;0;;;421;0;;;406
5567.jpg;0;0;;;426;0;;;411;0;0;;;424;0;;;404;0;0;;;425;0;;;420
5579.jpg;0;0;;;424;0;;;409;0;0;;;519;0;;;418;0;0;;;422;0;;;406
5662.jpg;0;0;;;421;0;;;414;0;0;;;426;0;;;411;0;0;;;425;0;;;408
5744.jpg;0;0;;;424;1;;;412;0;0;;;427;0;;;408;0;0;;;411;0;;;404
5792.jpg;0;0;;;467;0;;;403;0;0;;;422;0;;;401;0;0;;;429;0;;;453
5827.jpg;0;0;;;426;0;;;433;0;0;;;438;0;;;415;0;0;;;423;0;;;407
5909.jpg;0;0;;;423;0;;;413;0;0;;;408;0;;;504;0;0;;;423;0;;;412
5993.jpg;0;0;;;421;0;;;408;0;0;;;429;0;;;413;0;0;;;416;0;;;407
6017.jpg;0;0;;;425;0;;;414;0;0;;;414;0;;;411;1;1;;;440;0;;;406
6077.jpg;0;0;;;416;0;;;438;0;0;;;416;1;;;408;0;0;;;428;0;;;420
6158.jpg;0;0;;;423;0;;;400;0;0;;;418;0;;;416;0;0;;;414;0;;;412
6226.jpg;0;0;;;497;0;;;405;0;0;;;428;0;;;409;0;0;;;428;0;;;406
6236.jpg;0;0;;;424;0;;;406;0;0;;;423;1;;;404;0;0;;;429;0;;;420
6310.jpg;0;0;;;426;0;;;405;0;0;;;426;0;;;412;0;0;;;508;0;;;413
6382.jpg;1;1;;;424;0;;;407;0;0;;;405;1;;;413;0;0;;;428;1;;;404
6428.jpg;1;1;;;426;0;;;496;1;1;;;418;0;;;415;0;0;;;409;0;;;414
6452.jpg;0;0;;;407;0;;;407;0;0;;;430;1;;;411;0;0;;;421;1;;;411
6521.jpg;0;0;;;407;0;;;409;0;0;;;477;0;;;404;0;0;;;530;0;;;405
6590.jpg;0;0;;;475;0;;;405;0;0;;;428;0;;;417;0;0;;;411;0;;;429
6614.jpg;0;0;;;439;0;;;421;0;0;;;438;1;;;423;3;3;;;430;1;;;414
6658.jpg;0;0;;;419;0;;;420;0;0;;;420;0;;;419;0;0;;;444;0;;;408
6724.jpg;0;0;;;417;2;;;407;0;0;;;425;0;;;404;0;0;;;424;0;;;412
6790.jpg;0;0;;;426;0;;;404;0;0;;;424;0;;;406;0;0;;;438;0;;;405
6809.jpg;0;0;;;428;0;;;408;2;2;;;424;0;;;406;0;0;;;424;0;;;404
6854.jpg;0;0;;;493;1;;;420;0;0;;;440;0;;;407;0;0;;;412;1;;;419
6920.jpg;0;0;;;421;0;;;402;0;0;;;414;1;;;412;0;0;;;430;0;;;407
6985.jpg;0;0;;;417;0;;;407;1;1;;;512;0;;;415;0;0;;;426;0;;;414
7016.jpg;1;1;;;415;0;;;408;0;0;;;418;0;;;425;0;0;;;448;0;;;411
7049.jpg;0;0;;;427;1;;;414;0;0;;;419;0;;;406;1;1;;;426;0;;;414
7112.jpg;0;0;;;517;0;;;410;0;0;;;428;0;;;405;1;1;;;423;0;;;406
7175.jpg;0;0;;;425;0;;;417;1;1;;;423;1;;;443;0;0;;;411;0;;;407
7226.jpg;0;0;;;428;0;;;412;0;0;;;426;1;;;411;0;0;;;434;0;;;415
7238.jpg;0;0;;;431;0;;;432;0;0;;;410;0;;;403;0;0;;;427;0;;;410
7301.jpg;0;0;;;421;1;;;416;0;0;;;425;0;;;417;1;1;;;435;0;;;417
7364.jpg;0;0;;;426;4;;;405;0;0;;;427;1;;;413;0;0;;;446;0;;;401
7426.jpg;0;0;;;448;3;;;403;0;0;;;491;0;;;410;0;0;;;423;0;;;409
7439.jpg;0;0;;;500;1;;;400;0;0;;;420;0;;;414;0;0;;;439;0;;;412
7487.jpg;0;0;;;422;1;;;409;0;0;;;465;1;;;416;0;0;;;419;0;;;408
7550.jpg;0;0;;;427;0;;;415;0;0;;;419;0;;;442;0;0;;;427;0;;;407
7610.jpg;0;0;;;422;0;;;416;0;0;;;407;1;;;406;0;0;;;429;0;;;435
7654.jpg;0;0;;;426;0;;;415;0;0;;;419;0;;;407;1;1;;;422;1;;;418
7673.jpg;0;0;;;419;0;;;421;0;0;;;454;0;;;410;0;0;;;490;0;;;399
7733.jpg;0;0;;;423;0;;;407;2;2;;;477;0;;;402;0;0;;;459;0;;;416
7798.jpg;0;0;;;424;0;;;417;0;0;;;421;0;;;404;1;1;;;482;0;;;420
7862.jpg;0;0;;;425;0;;;402;0;0;;;426;0;;;419;0;0;;;425;0;;;421
7898.jpg;1;1;;;422;0;;;417;0;0;;;423;0;;;414;0;0;;;479;0;;;416
7930.jpg;0;0;;;428;0;;;421;0;0;;;427;0;;;412;0;0;;;423;0;;;445
7997.jpg;0;0;;;419;0;;;411;0;0;;;468;0;;;404;0;0;;;425;0;;;405
8066.jpg;0;0;;;483;0;;;408;0;0;;;428;0;;;411;1;1;;;487;0;;;417
8123.jpg;0;0;;;419;1;;;408;1;1;;;464;0;;;404;0;0;;;431;0;;;416
8131.jpg;1;1;;;420;1;;;403;0;0;;;426;0;;;412;0;0;;;417;0;;;406
8195.jpg;1;1;;;425;0;;;413;0;0;;;423;0;;;414;0;0;;;416;0;;;439
8258.jpg;0;0;;;457;0;;;403;1;1;;;424;0;;;430;0;0;;;425;0;;;405
8323.jpg;0;0;;;424;0;;;405;0;0;;;425;0;;;409;0;0;;;407;0;;;411
8342.jpg;1;1;;;404;0;;;408;0;0;;;413;0;;;406;0;0;;;425;1;;;406
8387.jpg;0;0;;;499;0;;;411;0;0;;;423;0;;;405;0;0;;;429;0;;;407
8453.jpg;0;0;;;425;1;;;403;0;0;;;431;0;;;437;0;0;;;437;0;;;417
8519.jpg;0;0;;;424;1;;;429;0;0;;;432;1;;;404;0;0;;;476;0;;;407
8585.jpg;0;0;;;417;1;;;408;0;0;;;426;1;;;433;0;0;;;422;0;;;406
8651.jpg;0;0;;;414;1;;;416;0;0;;;421;2;;;414;0;0;;;428;1;;;410
8681.jpg;0;0;;;424;0;;;440;0;0;;;429;2;;;413;1;1;;;431;0;;;403
8717.jpg;1;1;;;426;1;;;407;0;0;;;426;2;;;431;0;0;;;425;0;;;405
8783.jpg;0;0;;;423;0;;;450;0;0;;;419;1;;;412;0;0;;;518;0;;;412
8839.jpg;0;0;;;414;0;;;419;0;0;;;428;1;;;409;0;0;;;500;0;;;407
8849.jpg;0;0;;;434;0;;;404;0;0;;;426;0;;;409;0;0;;;430;0;;;409
8915.jpg;1;1;;;431;1;;;476;0;0;;;425;1;;;406;0;0;;;426;0;;;413
8978.jpg;1;1;;;420;3;;;411;1;1;;;425;1;;;408;0;0;;;423;2;;;414
8995.jpg;0;0;;;420;1;;;497;0;0;;;441;2;;;435;0;0;;;418;0;;;412
9043.jpg;0;0;;;402;1;;;414;0;0;;;423;3;;;403;0;0;;;412;0;;;408
9107.jpg;0;0;;;423;1;;;410;0;0;;;414;5;;;410;0;0;;;468;0;;;413
9143.jpg;0;0;;;405;0;;;413;0;0;;;417;4;;;407;0;0;;;436;0;;;419
9173.jpg;0;0;;;464;0;;;403;0;0;;;427;4;;;403;0;0;;;426;2;;;415
9241.jpg;0;0;;;421;3;;;406;0;0;;;429;7;;;414;0;0;;;412;3;;;458
9281.jpg;0;0;;;435;2;;;420;0;0;;;417;2;;;406;0;0;;;419;2;;;411
9308.jpg;0;0;;;426;1;;;408;0;0;;;423;6;;;407;0;0;;;417;2;;;411
9376.jpg;1;1;;;428;1;;;419;0;0;;;457;4;;;409;1;1;;;428;1;;;424
9418.jpg;0;0;;;426;3;;;406;0;0;;;413;5;;;414;0;0;;;474;1;;;409
9443.jpg;1;1;;;422;3;;;417;0;0;;;426;5;;;404;0;0;;;424;1;;;406
9512.jpg;0;0;;;429;0;;;416;0;0;;;418;3;;;407;1;1;;;427;3;;;415
9548.jpg;0;0;;;420;0;;;410;0;0;;;410;4;;;414;0;0;;;459;0;;;466
9581.jpg;0;0;;;416;1;;;406;0;0;;;421;2;;;408;0;0;;;425;1;;;413
9649.jpg;0;0;;;422;1;;;420;0;0;;;421;4;;;519;1;1;;;435;2;;;420
9680.jpg;1;1;;;420;0;;;405;1;1;;;426;6;;;418;0;0;;;426;3;;;407
9718.jpg;1;1;;;430;0;;;406;0;0;;;423;2;;;409;0;0;;;468;2;;;420
9788.jpg;0;0;;;418;1;;;411;1;1;;;430;6;;;420;0;0;;;424;2;;;426
9812.jpg;0;0;;;490;3;;;412;1;1;;;416;4;;;405;0;0;;;513;0;;;510
9859.jpg;0;0;;;427;1;;;427;0;0;;;421;1;;;414;0;0;;;418;0;;;405
9929.jpg;0;0;;;431;1;;;440;0;0;;;423;0;;;511;0;0;;;423;0;;;403
9940.jpg;0;0;;;419;1;;;404;0;0;;;429;0;;;426;0;0;;;436;0;;;438
