file_gopro;raw_arcgis;ransac_arcgis;H_arcgis;F_arcgis;time_arcgis;ransac_rot_arcgis;H_rot_arcgis;F_rot_arcgis;time_rot_arcgis;raw_google;ransac_google;H_google;F_google;time_google;ransac_rot_google;H_rot_google;F_rot_google;time_rot_google;raw_geoportal;ransac_geoportal;H_geoportal;F_geoportal;time_geoportal;ransac_rot_geoportal;H_rot_geoportal;F_rot_geoportal;time_rot_geoportal
10001.jpg;15;4;;;2074;4;;;324;23;4;;;377;5;;;437;20;5;;;425;6;;;605
10067.jpg;12;5;;;447;7;;;461;24;5;;;324;6;;;315;16;4;;;368;7;;;389
10072.jpg;14;4;;;423;6;;;504;18;4;;;363;5;;;391;14;4;;;299;6;;;348
10142.jpg;24;5;;;357;5;;;374;19;5;;;433;7;;;416;20;5;;;444;5;;;501
10189.jpg;27;4;;;402;6;;;473;25;5;;;384;6;;;393;26;5;;;371;7;;;398
10214.jpg;33;5;;;377;6;;;332;29;5;;;306;6;;;311;27;5;;;348;5;;;342
10286.jpg;27;6;;;324;6;;;368;25;5;;;370;6;;;318;27;6;;;305;5;;;311
10307.jpg;25;4;;;308;6;;;302;26;4;;;316;6;;;307;33;4;;;317;8;[[-0.08610886269897235, -0.5200111047625143, 721.6292370312309], [-0.11696449793862412, -0.1926078303713655, 390.70629198123294], [-0.00016396286011569205, -0.0007188455927848004, 1.0]];[[-3.4507220403576004e-08, 9.469616048427796e-07, -0.0006244130829309585], [-1.3415041360997006e-06, 4.034959322601602e-06, -7.99906297970013e-05], [0.0013920715251598055, -0.005429404843319082, 1.0]];388
10358.jpg;27;4;;;297;10;[[0.7501129584453633, -0.06586607737357805, 233.47824478804716], [-0.09325175515060101, 0.7044020767306278, -76.42768718188695], [-6.228656959259095e-05, -0.00018970008308155892, 1.0]];[[-2.8035145378269303e-07, -4.618588940747531e-06, 0.002396931348132597], [4.283616982222636e-06, -2.33503854232919e-07, -0.003839971887819482], [-0.002954202372140313, 0.003720733417201874, 1.0]];300;26;5;;;369;4;;;319;28;5;;;379;4;;;310
10427.jpg;25;4;;;305;9;[[0.9177508038025856, 0.15666829912992555, 6.91883159832711], [-0.17853060483976368, 1.0404094741973555, -82.40856383496158], [-8.775986066153447e-05, 0.00010781057758809168, 1.0]];[[1.2849960856274973e-06, 1.2247665424280112e-05, -0.005670812866509046], [-1.1479975494073077e-05, 2.945708469068436e-07, 0.005412801833257414], [0.005888506031150693, -0.005445535435941519, -0.5928268125109383]];286;21;5;;;298;8;[[0.8958905724401546, 0.08884725492941796, 57.00601021028788], [-0.1677796719781433, 0.8772413048732198, 39.45233650143676], [-9.844033769750728e-07, -1.6732284797333853e-05, 1.0]];[[4.321379512866026e-06, 2.3587057345428688e-05, -0.01644909872395726], [-2.3040555526773433e-05, 3.004932972403191e-06, 0.024245179513556477], [0.011801272376683008, -0.027974825381482427, 0.6096218461544254]];292;23;5;;;293;5;;;317
10430.jpg;33;5;;;421;11;[[0.7921116197069219, -0.036387204702618435, 282.4439289812249], [-0.11168221333259139, 0.7071590853461561, -86.72278998228141], [6.394157009617814e-06, -0.00018943242127369015, 1.0]];[[-3.7915759081234336e-07, -1.705412527561056e-06, 0.0015493421098872221], [2.433431600742701e-06, -3.559604369819006e-07, -0.0024486772895484545], [-0.0021607761422388814, 0.0020867598793365763, 1.0]];288;21;5;;;333;6;;;376;25;5;;;379;7;;;335
10499.jpg;30;5;;;350;11;[[0.8523415585225249, 0.036693586355949666, 158.3004791305729], [-0.12588001848754643, 0.8113537473872795, -51.94435833316839], [-3.334659593117739e-05, -7.158629714232519e-05, 1.0]];[[-6.184117914609085e-07, -6.7615112989381505e-06, 0.007809619757276193], [6.782526928487407e-06, -8.14849066294507e-07, -0.0055580862839178565], [-0.00859208128829791, 0.006054725435541548, 1.6753365080251401]];302;27;5;;;300;7;;;293;23;5;;;291;5;;;302
10559.jpg;27;4;;;299;8;[[1.2781410671104496, 0.2509301251624173, 197.32765030656097], [-0.08410065082986132, 1.1125233429731929, -74.44982259553532], [0.00014802498537937235, 0.00010288322275246063, 1.0]];[[-2.446822378570199e-07, -1.9017041235406247e-06, 0.0024364177398455075], [1.9594865854635184e-06, -8.327105056240047e-08, -0.0017267583088212716], [-0.0024828633962863758, 0.0011283561001541845, 1.0]];288;26;5;;;300;7;;;294;38;5;;;300;5;;;315
10568.jpg;23;4;;;302;9;[[-1.5906348690000105, -1.274888034655644, 1210.0163342887163], [-0.5280235133100486, -2.9025711396583715, 2435.3990981704096], [-0.0006789071118380404, -0.0017630673229326228, 1.0]];[[1.6158036625742528e-07, -1.821018900515859e-07, -0.00020920201102333545], [8.278306381393218e-07, 4.1061647912141274e-07, -0.0011696305506176839], [-0.0007186973294616741, -0.0001444409656067748, 1.0]];298;24;5;;;291;5;;;390;28;6;;;321;6;;;302
10639.jpg;39;5;;;428;5;;;383;43;6;;;304;6;;;323;42;5;;;312;7;;;294
10687.jpg;32;4;;;304;6;;;329;41;2;;;328;5;;;329;48;6;;;307;6;;;298
10709.jpg;33;5;;;308;5;;;316;36;4;;;419;3;;;386;37;4;;;316;6;;;305
10780.jpg;41;6;;;326;1;;;370;38;6;;;392;5;;;330;41;6;;;296;5;;;328
10813.jpg;41;5;;;394;4;;;353;37;5;;;313;7;;;436;38;5;;;319;5;;;323
10850.jpg;37;6;;;316;6;;;305;32;6;;;339;4;;;313;40;7;;;338;8;[[0.09658814075982948, -0.06921913557593257, 215.78628104792918], [-0.07680374535540353, 0.5195203966455407, 44.702885094872904], [-0.00040999475572843345, 0.0001936540591501779, 1.0]];[[2.099247501472211e-06, -3.428453688319609e-06, 0.0030382912490553985], [4.744417845551078e-06, 7.221595613431261e-07, -0.00204422397210698], [-0.010081820800956542, 0.0016441489850023772, 1.0]];326
10922.jpg;23;5;;;395;6;;;393;29;5;;;386;6;;;307;37;5;;;358;6;;;301
10943.jpg;36;4;;;305;6;;;297;46;5;;;312;6;;;302;37;6;;;303;6;;;298
10993.jpg;18;4;;;295;5;;;309;31;5;;;309;8;[[2.384808640806182, 0.5555340652681143, -765.806530158139], [0.6888251924036478, 1.3702950192883154, -826.599251394697], [0.0005068421501807107, -3.970721419323206e-05, 1.0]];[[9.018346194070938e-07, -3.302833892648844e-06, 0.00016179092486535475], [2.4079082539576373e-06, -9.83469079009588e-07, -0.0020725621041448607], [-0.0019979086294356694, 0.003067379074795832, 1.0]];295;26;4;;;324;6;;;394
11063.jpg;28;5;;;361;5;;;309;31;5;;;380;6;;;430;26;5;;;359;6;;;320
11080.jpg;25;4;;;348;5;;;302;26;5;;;300;5;;;311;22;5;;;286;6;;;347
11132.jpg;16;4;;;360;4;;;372;19;4;;;295;5;;;419;31;5;;;319;5;;;400
11203.jpg;15;4;;;401;6;;;407;22;4;;;300;6;;;362;28;5;;;309;5;;;315
11215.jpg;14;4;;;291;6;;;313;29;5;;;298;6;;;300;28;5;;;311;4;;;310
11273.jpg;20;5;;;408;4;;;336;24;4;;;390;6;;;317;16;5;;;314;5;;;328
11342.jpg;24;5;;;376;6;;;376;21;5;;;295;6;;;305;10;4;;;290;5;;;322
11344.jpg;25;4;;;326;4;;;443;26;5;;;400;5;;;312;20;6;;;368;6;;;447
11411.jpg;25;6;;;368;7;;;338;27;5;;;310;5;;;308;24;5;;;293;6;;;297
11479.jpg;20;5;;;295;5;;;304;20;5;;;339;5;;;373;24;5;;;361;6;;;390
11480.jpg;24;4;;;301;6;;;302;16;4;;;298;6;;;292;15;5;;;293;6;;;294
11548.jpg;25;5;;;295;5;;;310;17;6;;;410;6;;;308;21;5;;;301;6;;;307
11618.jpg;13;4;;;294;5;;;301;17;5;;;300;6;;;303;28;5;;;377;5;;;331
11626.jpg;12;5;;;296;6;;;384;19;5;;;303;5;;;396;26;5;;;301;5;;;307
11687.jpg;19;4;;;295;5;;;421;26;5;;;311;5;;;338;36;6;;;294;5;;;302
11756.jpg;24;4;;;306;4;;;318;32;6;;;300;6;;;359;39;5;;;397;5;;;357
11779.jpg;23;6;;;300;5;;;304;28;6;;;301;5;;;309;31;5;;;311;6;;;295
11824.jpg;23;5;;;300;7;;;396;28;6;;;291;6;;;296;32;4;;;300;7;;;301
11888.jpg;22;4;;;302;7;;;290;27;5;;;295;4;;;324;39;4;;;301;6;;;299
11950.jpg;34;6;;;301;5;;;297;32;5;;;307;5;;;296;48;6;;;299;5;;;317
12008.jpg;38;6;;;307;6;;;306;24;5;;;317;6;;;310;41;6;;;307;5;;;385
12068.jpg;30;5;;;427;5;;;359;29;6;;;291;6;;;292;33;5;;;306;5;;;306
12125.jpg;31;4;;;385;5;;;324;37;6;;;317;6;;;373;35;5;;;308;6;;;305
12182.jpg;20;4;;;309;4;;;301;28;8;[[1.1428832440257133, -0.02780791099543318, -107.42943383261584], [0.13380053368856354, 1.092849463383517, -337.78571559202413], [0.0001605855166984674, -7.990227611268227e-05, 1.0]];[[-5.056255642669914, -289.09021578304373, 277181.2718473571], [326.02577660838307, -3.5806324256498954, -177634.27072125513], [-357339.3753619425, 181347.37952112488, 26304514.832122438]];351;6;;;488;26;4;;;492;5;;;458
12239.jpg;28;5;;;390;4;;;336;31;7;;;341;6;;;340;26;6;;;301;6;;;325
12298.jpg;27;6;;;301;5;;;290;39;7;;;309;7;;;305;30;5;;;323;6;;;292
12323.jpg;36;6;;;302;4;;;302;43;6;;;300;5;;;354;41;6;;;415;5;;;405
12358.jpg;29;5;;;397;4;;;359;39;6;;;371;7;;;376;32;5;;;400;5;;;324
12422.jpg;30;5;;;326;5;;;330;38;5;;;321;5;;;304;25;5;;;299;5;;;323
12434.jpg;23;5;;;349;4;;;298;29;4;;;319;5;;;301;17;4;;;294;4;;;318
12491.jpg;30;5;;;312;5;;;337;27;6;;;299;6;;;292;32;4;;;316;6;;;295
12521.jpg;28;6;;;310;5;;;306;23;5;;;351;5;;;329;29;5;;;313;4;;;306
12569.jpg;32;6;;;324;6;;;305;37;6;;;314;6;;;316;23;5;;;313;6;;;307
12595.jpg;21;5;;;293;5;;;309;21;4;;;297;6;;;308;30;5;;;369;4;;;374
12662.jpg;22;5;;;314;5;;;341;33;4;;;324;5;;;314;36;7;;;300;5;;;301
12725.jpg;21;4;;;311;4;;;307;21;4;;;376;4;;;379;24;5;;;362;5;;;335
12785.jpg;29;5;;;365;4;;;309;40;5;;;308;4;;;309;15;5;;;289;5;;;302
12844.jpg;35;4;;;306;4;;;308;31;4;;;306;4;;;308;31;6;;;305;6;;;303
12901.jpg;19;4;;;298;4;;;311;27;5;;;302;4;;;325;30;6;;;315;6;;;300
12956.jpg;28;4;;;309;5;;;315;33;6;;;295;6;;;302;36;5;;;335;4;;;374
13013.jpg;24;5;;;388;4;;;315;56;4;;;417;6;;;471;41;5;;;427;6;;;318
13070.jpg;32;5;;;324;6;;;304;45;4;;;318;5;;;328;41;5;;;316;5;;;329
13126.jpg;36;4;;;327;5;;;324;40;5;;;325;6;;;319;37;6;;;310;8;[[1.1431723931405435, -0.9805124260437617, 352.81645010617257], [-0.35377106597171704, 1.211837675328803, -395.9831661169933], [0.0001878935564700569, -0.0005524324190744073, 1.0]];[[-3.3766201300348596e-06, -5.85165416956204e-06, -0.0025784696899233657], [8.669170451499499e-06, 9.901153146131484e-07, -0.0016685099986075947], [0.0011636026288672405, 0.0022052033586171496, 1.0]];305
13183.jpg;36;5;;;314;5;;;324;34;4;;;354;6;;;342;33;6;;;463;6;;;398
13240.jpg;33;5;;;349;6;;;323;34;5;;;347;6;;;346;36;4;;;422;6;;;415
13295.jpg;32;6;;;323;5;;;320;41;5;;;310;6;;;313;43;5;;;325;5;;;321
13352.jpg;40;5;;;312;5;;;312;40;4;;;343;5;;;306;24;5;;;307;6;;;299
13408.jpg;28;5;;;310;5;;;319;37;6;;;309;5;;;322;38;6;;;307;5;;;325
13465.jpg;32;4;;;320;5;;;323;25;5;;;305;6;;;296;23;5;;;306;5;;;347
13522.jpg;37;6;;;305;6;;;309;42;5;;;309;7;;;305;45;6;;;416;2;;;455
13580.jpg;33;5;;;345;6;;;438;30;6;;;395;7;;;336;34;5;;;470;6;;;373
13634.jpg;33;6;;;403;4;;;433;36;5;;;509;5;;;366;40;4;;;317;5;;;310
13672.jpg;32;5;;;304;5;;;313;38;6;;;321;6;;;311;45;5;;;315;4;;;314
13796.jpg;45;5;;;303;6;;;298;40;6;;;318;5;;;308;34;5;;;310;5;;;320
13916.jpg;24;5;;;305;6;;;306;36;6;;;311;6;;;308;45;5;;;408;5;;;331
14030.jpg;24;5;;;307;5;;;301;24;5;;;310;5;;;320;27;5;;;307;5;;;305
14102.jpg;18;5;;;373;5;;;425;21;5;;;337;5;;;367;29;5;;;302;5;;;310
14143.jpg;37;4;;;365;5;;;398;26;5;;;316;5;;;401;34;6;;;303;6;;;314
14255.jpg;16;4;;;313;6;;;321;23;4;;;354;5;;;336;38;6;;;324;5;;;326
14374.jpg;26;5;;;299;6;;;312;32;5;;;313;4;;;321;41;5;;;366;6;;;320
14494.jpg;27;5;;;296;5;;;351;33;4;;;304;6;;;300;33;5;;;307;5;;;330
14611.jpg;18;4;;;299;6;;;302;31;5;;;388;6;;;324;22;5;;;294;5;;;303
14723.jpg;32;6;;;305;6;;;296;32;5;;;309;6;;;303;24;5;;;303;5;;;317
14836.jpg;40;4;;;313;5;;;343;36;5;;;305;5;;;324;32;4;;;341;4;;;371
14951.jpg;29;5;;;338;6;;;311;34;5;;;308;5;;;305;27;5;;;308;6;;;296
15068.jpg;41;5;;;312;4;;;317;34;5;;;304;6;;;299;28;4;;;319;6;;;319
1516.jpg;32;6;;;305;6;;;312;35;5;;;309;7;;;300;41;6;;;312;5;;;304
15185.jpg;39;5;;;305;5;;;296;28;5;;;311;6;;;301;37;5;;;312;5;;;314
15304.jpg;36;5;;;318;4;;;339;37;5;;;313;5;;;320;44;5;;;325;6;;;310
1540.jpg;21;4;;;298;7;;;302;22;4;;;294;6;;;301;26;5;;;315;5;;;328
15425.jpg;29;5;;;313;6;;;303;15;5;;;291;6;;;307;40;5;;;309;4;;;312
1552.jpg;39;5;;;302;4;;;327;41;5;;;317;6;;;299;18;4;;;304;5;;;321
15544.jpg;29;6;;;318;6;;;316;29;5;;;318;5;;;319;31;5;;;318;5;;;312
1562.jpg;38;5;;;333;6;;;303;27;4;;;316;6;;;363;28;5;;;306;6;;;303
15661.jpg;27;4;;;318;4;;;315;21;4;;;303;5;;;315;32;2;;;315;5;;;310
15779.jpg;28;5;;;304;5;;;310;20;5;;;307;5;;;317;34;5;;;317;5;;;314
1586.jpg;26;4;;;305;4;;;317;25;4;;;311;4;;;330;19;5;;;352;6;;;387
15898.jpg;31;5;;;458;5;;;318;38;5;;;313;6;;;315;31;4;;;311;5;;;305
16015.jpg;30;5;;;313;5;;;316;41;6;;;318;4;;;307;39;5;;;313;5;;;310
1607.jpg;29;5;;;356;5;;;299;29;5;;;350;5;;;348;17;4;;;295;3;;;312
16126.jpg;26;5;;;299;5;;;360;29;5;;;323;6;;;306;29;5;;;327;4;;;325
16238.jpg;36;5;;;313;5;;;305;23;5;;;309;6;;;342;24;4;;;396;4;;;367
1631.jpg;28;5;;;322;5;;;301;20;5;;;342;4;;;301;15;5;;;323;5;;;311
16349.jpg;27;4;;;318;4;;;350;31;5;;;335;8;[[0.761866277010068, -0.42804636484275166, 228.8974282375941], [0.11734170565012146, 0.8826929447278848, -463.91097409896713], [-0.00011231391118171882, -0.00022941887432801776, 0.9999999999999999]];[[3.125138665426153e-07, -1.4596590020283958e-06, 0.0006342514419679312], [1.7190304365096134e-06, 3.4292838224234753e-07, -0.001905956684887375], [-0.00184591456961965, 0.001256015501259167, 1.0]];299;44;4;;;302;4;;;315
16460.jpg;23;5;;;315;5;;;326;48;4;;;313;7;;;304;25;5;;;304;5;;;309
1652.jpg;18;5;;;296;6;;;302;20;5;;;294;5;;;296;24;5;;;296;5;;;309
16570.jpg;25;5;;;300;6;;;311;36;5;;;303;6;;;301;36;5;;;313;4;;;302
1661.jpg;21;4;;;297;6;;;297;15;4;;;293;5;;;300;15;5;;;300;5;;;309
16679.jpg;27;5;;;323;5;;;324;32;4;;;318;5;;;319;36;5;;;314;5;;;309
1676.jpg;23;4;;;318;5;;;321;24;5;;;381;4;;;369;17;4;;;305;3;;;314
16790.jpg;28;5;;;303;5;;;312;33;5;;;315;5;;;313;35;5;;;315;5;;;339
16901.jpg;35;5;;;337;4;;;350;42;5;;;310;5;;;312;45;5;;;307;6;;;339
1700.jpg;20;5;;;460;5;;;371;18;5;;;295;4;;;312;16;4;;;302;4;;;298
17012.jpg;32;5;;;309;5;;;316;35;3;;;317;4;;;343;31;5;;;337;5;;;338
17123.jpg;26;5;;;306;6;;;305;36;5;;;318;8;[[1.100018488090766, -0.2481295567806838, -113.41453941626843], [0.11539173204978151, 1.1107512134165205, -540.807613146079], [-6.017722459458132e-05, -8.787805634789543e-05, 1.0]];[[6.769258524153978e-07, -5.268342143463326e-06, 0.0023743881569768016], [5.351003582147624e-06, 9.978838255016164e-07, -0.002230930691984524], [-0.004795647971300407, 0.002097825765264102, 0.5258835812664739]];360;27;5;;;305;4;;;333
1723.jpg;22;5;;;297;5;;;320;23;5;;;308;5;;;317;22;5;;;311;6;;;306
17234.jpg;19;4;;;304;6;;;304;29;5;;;317;8;[[1.0866997334470607, -0.247290170617127, -126.58625478823512], [0.11087273306398424, 1.0534627653098447, -498.32168775255934], [-3.843549461730807e-05, -0.00014016060639119983, 1.0]];[[-3.7501387101364095e-06, 3.3268093220001475e-05, -0.02134474310038931], [-3.53469236961549e-05, -6.336299533026523e-06, 0.008511225995597631], [0.034948493495075464, -0.008098741781594488, 1.0]];304;26;5;;;313;5;;;324
1726.jpg;24;4;;;306;5;;;293;29;5;;;353;5;;;326;24;4;;;336;5;;;311
17347.jpg;25;5;;;311;6;;;319;42;6;;;309;11;[[1.0712968211898464, -0.27056709986546745, -128.66285963256735], [0.11877086197624875, 1.0070168535621908, -471.4118827628501], [-3.755011754043613e-05, -0.00016735729295395485, 1.0]];[[8.285295123805994e-07, -5.9920013444895505e-06, 0.00431500824074464], [6.162212792705883e-06, 8.372484787484125e-07, -0.004594879215508641], [-0.006941230968884442, 0.0042329974241201865, 0.9932136777293601]];317;25;5;;;329;6;;;321
1745.jpg;21;5;;;316;6;;;319;15;4;;;305;5;;;294;16;5;;;306;4;;;300
17459.jpg;26;5;;;342;5;;;353;22;5;;;304;8;[[1.1529633305559788, -0.2435690291562451, -183.8207991318986], [0.10767289752687849, 1.15459137624752, -542.6329925522396], [-4.1932895651200874e-05, -7.587002196785115e-05, 1.0]];[[7.342565689876362e-07, -6.459339589384711e-06, 0.002174293965572862], [6.8575647546782075e-06, 1.3697571409854343e-06, -0.0032558178267101364], [-0.0054130562716764126, 0.0030296782477651696, 1.0]];298;28;5;;;306;7;;;346
17570.jpg;35;5;;;312;5;;;313;27;4;;;310;9;[[3.028493606148214, 1.5041541102598908, -1775.4387428285386], [7.33105409686145, 7.120479235264161, -11818.961807498808], [0.0001539767424404326, 0.0022240875701726314, 1.0]];[[1.9011688328332426, -0.754724208065181, -1764.1006538939987], [1.5601616876238997, 0.2667548877708795, -1914.4414059100982], [-3236.647514768618, 773.4573602848855, 3272691.513979311]];303;33;5;;;312;6;;;309
17684.jpg;28;5;;;313;6;;;312;37;4;;;327;12;[[1.1176001421165846, -0.2231196733864241, -221.8045765669094], [0.11766479484223046, 1.089816987307485, -510.2999824916309], [-3.806417329691143e-05, -0.00011434628425762949, 1.0]];[[-0.4539810494419376, 5.17560088756621, -4395.815951496181], [-5.370116940894322, -0.3820651341627668, 6198.016748605657], [6301.709780834241, -5877.643727829681, -1297211.995192811]];321;34;4;;;308;5;;;324
1769.jpg;15;5;;;293;6;;;306;18;4;;;305;4;;;304;16;5;;;303;5;;;312
1775.jpg;19;6;;;300;5;;;313;24;5;;;308;5;;;299;14;5;;;321;4;;;319
17795.jpg;33;5;;;316;5;;;318;43;5;;;312;9;[[1.1794512191095272, -0.20664823310876565, -270.872010095082], [0.0891942566814122, 1.207245024121551, -571.3805106132623], [-1.146878724152096e-05, -9.722830399257663e-05, 1.0]];[[2.8706259213470954e-07, -3.993449184172795e-06, 0.003112317818577507], [4.424358925510108e-06, 6.281338129827522e-07, -0.004209846895769317], [-0.004772873988993918, 0.003542486930243326, 1.0]];300;49;5;;;316;5;;;325
1790.jpg;19;5;;;299;4;;;310;20;5;;;294;4;;;307;18;6;;;306;4;;;336
17906.jpg;27;4;;;311;5;;;305;26;5;;;301;8;[[1.1384368391762323, -0.2793004727812578, -221.35438385273963], [0.13244706384051536, 1.0882813337961619, -544.6324644620768], [-5.497525826797236e-06, -0.00015742291078071487, 1.0]];[[2.4455467983629753e-07, -1.1101744304437633e-06, -0.0001568171322241989], [1.2255598627749242e-06, 7.23845273669606e-08, -0.0017293725047262743], [-0.0009046199212763852, 0.0015982054359580224, 1.0]];292;44;5;;;312;5;;;320
17944.jpg;24;4;;;326;5;;;316;19;4;;;324;5;;;367;25;5;;;307;5;;;335
18019.jpg;31;6;;;305;5;;;329;25;3;;;330;7;;;308;25;5;;;304;7;;;299
18134.jpg;22;5;;;300;5;;;316;24;5;;;305;5;;;304;20;4;;;305;6;;;304
1814.jpg;8;4;;;310;6;;;302;17;5;;;298;4;;;299;5;5;;;302;4;;;328
1825.jpg;20;5;;;301;5;;;315;21;5;;;323;5;;;319;12;3;;;310;5;;;305
18250.jpg;31;5;;;311;4;;;317;29;5;;;309;5;;;360;28;5;;;315;5;;;324
1835.jpg;15;4;;;398;6;;;311;19;4;;;305;6;;;303;16;5;;;296;7;;;299
18365.jpg;23;6;;;293;3;;;319;34;4;;;317;5;;;321;35;4;;;308;5;;;362
18479.jpg;30;5;;;316;6;;;324;31;5;;;319;5;;;314;40;6;;;302;4;;;312
1859.jpg;12;5;;;295;5;;;322;30;7;;;292;5;;;299;7;7;;;297;5;;;314
18593.jpg;41;4;;;318;5;;;314;35;6;;;321;4;;;329;36;6;;;306;8;[[-1.2555152827260745, -1.0423513772848239, 2473.1658477499764], [-0.5412324174738259, -0.7888812810463589, 1526.280540199158], [-0.0005108018591408682, -0.0004926150503800249, 1.0]];[[3.2214289619118944e-07, -1.4480696918330196e-06, 0.0002940526766125373], [9.538265990654196e-07, -4.754724413725569e-07, -0.0009331180719636159], [-0.0016870000899754068, 0.002215449542184755, 1.0]];307
1868.jpg;23;5;;;301;6;;;312;18;4;;;302;5;;;303;12;4;;;312;5;;;352
18707.jpg;38;4;;;323;5;;;318;36;5;;;327;5;;;316;37;6;;;306;5;;;312
1880.jpg;23;6;;;291;7;;;297;23;5;;;300;5;;;310;15;4;;;311;5;;;327
18823.jpg;41;6;;;306;5;;;316;47;4;;;308;3;;;316;30;5;;;313;7;;;306
18937.jpg;31;6;;;297;5;;;311;37;3;;;335;4;;;362;27;5;;;312;5;;;310
1904.jpg;17;4;;;303;5;;;324;24;4;;;305;5;;;306;16;4;;;310;6;;;321
19052.jpg;42;5;;;318;6;;;301;39;6;;;307;5;;;315;32;5;;;323;5;;;312
1906.jpg;20;4;;;305;5;;;324;24;5;;;298;4;;;326;23;5;;;306;7;;;313
19166.jpg;23;4;;;303;5;;;310;34;4;;;351;6;;;346;24;4;;;319;5;;;300
1925.jpg;18;5;;;288;6;;;289;31;5;;;310;6;;;294;20;5;;;299;7;;;316
19283.jpg;27;5;;;304;6;;;303;35;5;;;319;5;;;316;28;5;;;316;5;;;321
1939.jpg;22;5;;;304;5;;;316;24;5;;;308;5;;;307;23;5;;;307;7;;;314
19397.jpg;24;5;;;302;5;;;314;23;4;;;324;6;;;313;26;5;;;303;5;;;322
1949.jpg;19;5;;;300;4;;;311;26;5;;;298;5;;;326;17;5;;;306;6;;;313
19511.jpg;36;5;;;326;5;;;313;34;7;;;294;5;;;312;37;4;;;312;5;;;331
19625.jpg;31;5;;;319;5;;;306;18;4;;;301;5;;;317;35;5;;;323;7;;;305
1970.jpg;20;5;;;301;5;;;304;29;5;;;312;5;;;321;26;7;;;301;6;;;303
1973.jpg;26;5;;;306;5;;;320;33;5;;;318;5;;;331;26;5;;;302;6;;;306
19741.jpg;30;5;;;308;5;;;319;28;5;;;326;6;;;324;24;5;;;305;5;;;316
19856.jpg;27;5;;;304;5;;;308;25;4;;;328;5;;;316;31;5;;;333;6;;;318
1997.jpg;22;5;;;302;6;;;300;34;5;;;323;5;;;310;33;5;;;354;6;;;333
19970.jpg;25;5;;;304;5;;;326;24;4;;;319;6;;;302;30;4;;;316;4;;;311
20084.jpg;18;3;;;313;5;;;319;18;5;;;407;5;;;303;25;5;;;305;5;;;327
2020.jpg;30;5;;;317;5;;;299;35;6;;;303;5;;;306;24;4;;;317;6;;;320
20201.jpg;23;5;;;317;5;;;420;29;5;;;317;4;;;311;24;5;;;302;6;;;308
2026.jpg;25;5;;;313;5;;;361;29;5;;;322;6;;;304;28;5;;;320;4;;;318
20317.jpg;25;4;;;328;6;;;374;31;4;;;393;5;;;445;29;5;;;329;5;;;363
2042.jpg;16;4;;;314;5;;;328;36;5;;;334;6;;;309;36;5;;;326;5;;;312
20432.jpg;21;4;;;343;5;;;366;13;4;;;325;5;;;351;20;5;;;330;5;;;347
2054.jpg;15;4;;;318;5;;;324;30;5;;;333;7;;;338;27;5;;;336;5;;;323
20546.jpg;27;6;;;345;7;;;338;19;5;;;407;3;;;379;27;5;;;353;5;;;358
2066.jpg;12;4;;;317;6;;;315;36;5;;;323;5;;;321;30;5;;;318;7;;;321
20660.jpg;28;5;;;351;6;;;344;24;5;;;298;7;;;311;52;6;;;376;6;;;340
20776.jpg;32;5;;;320;5;;;325;31;5;;;313;5;;;333;37;5;;;317;5;;;336
2081.jpg;13;5;;;296;3;;;329;36;5;;;340;5;;;308;41;5;;;313;4;;;297
2089.jpg;14;4;;;299;4;;;296;36;5;;;334;4;;;388;30;5;;;322;5;;;312
20890.jpg;31;5;;;335;5;;;313;36;7;;;296;4;;;322;35;5;;;303;5;;;314
21004.jpg;32;5;;;321;5;;;301;30;5;;;333;5;;;318;32;5;;;317;5;;;366
2110.jpg;13;4;;;309;6;;;293;41;5;;;308;5;;;306;28;5;;;323;6;;;313
2111.jpg;15;5;;;299;5;;;297;32;4;;;350;5;;;348;27;6;;;305;5;;;315
21116.jpg;52;5;;;312;5;;;330;38;5;;;318;6;;;316;39;5;;;310;5;;;319
21230.jpg;39;4;;;312;6;;;307;31;5;;;320;2;;;324;45;7;;;307;5;;;310
21344.jpg;36;5;;;309;4;;;398;36;6;;;301;5;;;321;46;4;;;309;6;;;306
2135.jpg;15;5;;;315;5;;;297;41;6;;;306;6;;;297;31;6;;;299;5;;;300
21455.jpg;34;5;;;330;7;;;325;42;5;;;323;5;;;322;36;5;;;313;5;;;328
21566.jpg;31;5;;;324;6;;;306;32;4;;;310;4;;;319;34;6;;;316;5;;;323
2158.jpg;11;4;;;299;4;;;308;22;5;;;303;6;;;324;28;5;;;327;4;;;301
2162.jpg;21;5;;;304;5;;;306;41;3;;;317;6;;;319;34;5;;;316;5;;;313
21677.jpg;38;3;;;306;6;;;304;48;5;;;325;5;;;333;38;4;;;311;5;;;322
21788.jpg;41;6;;;305;5;;;316;43;5;;;313;11;[[1.1382104499462318, -0.2533518358428369, -120.87770580220456], [0.11492489897076656, 1.1001916377313323, -513.9820827141847], [-3.370598497307929e-05, -0.00010077164735983246, 1.0]];[[1.6701029848363705e-07, -1.570414998178568e-06, 0.0008477626567014247], [1.535156789553918e-06, 1.459038031498724e-07, -0.0026861996078495014], [-0.0015945504967482945, 0.00233938720308954, 1.0]];298;52;5;;;316;5;;;320
2180.jpg;17;5;;;309;4;;;295;42;4;;;321;6;;;344;33;5;;;307;6;;;313
2186.jpg;13;5;;;293;4;;;306;33;4;;;311;5;;;314;32;6;;;316;5;;;302
21899.jpg;34;5;;;319;7;;;306;32;5;;;329;5;;;318;36;5;;;314;7;;;295
22010.jpg;28;6;;;297;5;;;307;28;5;;;353;6;;;332;29;5;;;312;5;;;319
2204.jpg;18;6;;;295;5;;;316;36;6;;;310;5;;;317;28;5;;;365;4;;;351
2212.jpg;11;4;;;329;5;;;337;33;4;;;458;4;;;531;28;7;;;359;5;;;325
22121.jpg;23;6;;;315;5;;;303;33;5;;;340;6;;;303;29;5;;;308;5;;;305
22232.jpg;23;5;;;311;5;;;330;25;5;;;479;6;;;382;29;5;;;320;6;;;346
2225.jpg;20;4;;;302;4;;;342;40;4;;;346;4;;;319;31;4;;;334;5;;;321
22346.jpg;28;5;;;316;5;;;317;27;6;;;301;4;;;322;33;6;;;315;5;;;317
2237.jpg;29;6;;;301;6;;;301;30;4;;;321;6;;;315;34;5;;;322;4;;;442
22463.jpg;27;5;;;379;5;;;322;28;5;;;308;7;;;309;27;4;;;318;5;;;437
2249.jpg;27;4;;;308;5;;;322;27;5;;;318;6;;;308;28;4;;;315;4;;;327
22589.jpg;39;4;;;331;6;;;318;48;6;;;315;7;;;309;36;5;;;323;6;;;318
2261.jpg;20;5;;;305;5;;;300;27;5;;;338;3;;;345;32;6;;;320;5;;;320
2272.jpg;16;5;;;326;5;;;322;43;5;;;319;5;;;319;23;6;;;297;5;;;312
22721.jpg;40;4;;;327;5;;;323;28;5;;;313;7;;;310;34;4;;;317;5;;;342
2285.jpg;22;4;;;308;5;;;337;20;5;;;351;6;;;358;28;6;;;307;6;;;293
22852.jpg;41;5;;;318;6;;;345;44;5;;;320;8;[[0.889736260069274, -0.25108398991983305, 28.226900593242142], [0.09395827246245209, 0.8610464408089009, -252.99282984607618], [-7.096927164633445e-05, -0.00013318030637086793, 1.0]];[[3.854491107429282e-07, -2.282779688350993e-06, 0.0012036280948928757], [2.2793653845629215e-06, 6.039150772129838e-08, -0.003437574864941299], [-0.0024332779651407145, 0.0033651176671427308, 1.0]];323;40;5;;;316;5;;;320
2294.jpg;20;5;;;298;5;;;308;21;4;;;313;5;;;309;28;6;;;304;4;;;320
22979.jpg;31;5;;;336;6;;;320;48;5;;;331;5;;;308;35;5;;;324;4;;;327
2309.jpg;22;5;;;322;5;;;324;19;5;;;309;4;;;304;22;5;;;315;6;;;300
23107.jpg;22;5;;;464;5;;;428;40;5;;;323;8;[[0.9310957281244764, -0.2753484071438339, -35.785410722124716], [0.08801961284387719, 0.8399864583867587, -188.04908735139054], [-3.1552292690512694e-05, -0.0001871088711243495, 1.0]];[[8.955893034221695e-08, -1.5207576275386927e-06, -0.001799875643928249], [9.981294605585485e-07, -6.595334881899634e-08, -0.0018121515979828008], [0.0013631069189552912, 0.002736672274116357, 0.5804287676194582]];320;33;5;;;313;5;;;381
2317.jpg;24;6;;;314;5;;;316;17;4;;;326;4;;;348;26;5;;;330;5;;;352
23243.jpg;26;5;;;335;4;;;477;35;6;;;340;9;[[0.896079128675326, -0.24899067274772885, -0.16085581427443799], [0.06573262698181451, 0.8107349946081454, -136.7601782552852], [-4.9329902747842755e-05, -0.00015380393282963202, 1.0]];[[-2.9139618964764104e-07, 4.794239362192415e-06, -0.00023338470413800647], [-4.05057305636077e-06, 6.884053662791058e-09, 0.005976662480933818], [0.0012891145900651199, -0.00735250628179949, -0.8849890662253186]];393;29;5;;;334;6;;;338
2333.jpg;15;4;;;309;4;;;333;16;5;;;307;5;;;316;18;4;;;305;5;;;323
23381.jpg;37;5;;;323;5;;;316;47;6;;;322;10;[[0.7661135604784222, -0.2897542028165355, 117.22813690625026], [0.05103685466898892, 0.6893136489680938, -104.78429416960567], [-0.00010266510808592773, -0.00020181254625102477, 1.0]];[[1.487832688634391e-06, -1.2920371380129611e-05, 0.004396285252276675], [1.1982769187537104e-05, 2.347805328221794e-06, -0.009363710776997354], [-0.008157587185036414, 0.008916367501783725, 1.9505158512140348]];310;39;5;;;321;4;;;335
2339.jpg;17;4;;;345;5;;;315;33;4;;;309;4;;;322;29;5;;;338;5;;;331
23519.jpg;34;6;;;321;5;;;316;36;5;;;325;12;[[0.859599311390061, -0.28313211177806435, 95.32679542563874], [0.07986985440582199, 0.7833670748232285, -151.33079010209332], [-4.771490071688394e-05, -0.0001747318058450104, 1.0]];[[22.344429089183983, -186.68353037663437, 95397.05910394783], [187.44419917393583, 44.92013463763073, -129499.80337508381], [-154009.3856388737, 91751.44763763656, 32145534.806654654]];308;40;5;;;318;4;;;319
2359.jpg;13;5;;;307;4;;;309;26;5;;;320;4;;;354;20;5;;;323;6;;;308
2360.jpg;16;5;;;304;5;;;311;24;6;;;468;5;;;319;34;4;;;321;5;;;313
23654.jpg;41;5;;;318;5;;;328;42;5;;;349;11;[[0.8440605393148249, -0.26028929891358593, 198.11049050231628], [0.09918300075129502, 0.8638969302338224, -210.99605318103428], [-7.04540179859327e-05, -0.0001009078388938315, 1.0]];[[1.4021145946361659e-06, -9.249813197494915e-06, 0.0049163449731488215], [9.283079201058991e-06, 1.6926525020847753e-06, -0.008963801334537566], [-0.008639895819904715, 0.006699297743730607, 2.884392585313962]];306;41;5;;;310;5;;;316
23786.jpg;40;4;;;332;6;;;312;50;5;;;316;5;;;314;47;4;;;318;5;;;310
2381.jpg;8;4;;;302;5;;;302;19;5;;;304;4;;;342;22;5;;;307;5;;;316
2384.jpg;9;4;;;336;4;;;331;10;4;;;295;5;;;294;18;5;;;304;5;;;307
23900.jpg;34;5;;;317;7;;;304;38;6;;;298;4;;;321;33;6;;;313;4;;;310
23987.jpg;43;5;;;313;4;;;311;50;6;;;315;6;;;315;52;6;;;311;6;;;313
2404.jpg;5;5;;;298;4;;;319;12;5;;;308;4;;;306;19;6;;;300;6;;;319
2408.jpg;8;4;;;318;4;;;315;13;5;;;301;4;;;306;15;4;;;312;5;;;308
24259.jpg;29;5;;;307;5;;;311;30;5;;;327;6;;;323;27;5;;;394;5;;;321
2426.jpg;11;4;;;308;5;;;321;9;4;;;318;5;;;316;10;4;;;298;4;;;332
2432.jpg;3;3;;;463;5;;;335;15;5;;;297;5;;;318;25;4;;;331;5;;;321
2447.jpg;8;4;;;325;4;;;322;12;5;;;312;6;;;343;23;4;;;321;5;;;311
24515.jpg;28;3;;;330;5;;;309;27;4;;;344;6;;;360;38;4;;;335;4;;;322
2456.jpg;11;4;;;299;5;;;322;11;3;;;316;4;;;302;32;6;;;302;6;;;307
2471.jpg;18;7;;;305;4;;;325;10;4;;;305;6;;;301;15;5;;;300;6;;;329
24761.jpg;20;5;;;349;5;;;338;34;5;;;317;6;;;295;26;5;;;301;5;;;315
2479.jpg;11;4;;;302;4;;;339;14;4;;;325;5;;;395;8;4;;;331;5;;;344
2494.jpg;10;5;;;318;3;;;344;21;5;;;317;7;;;295;21;5;;;310;5;;;316
25009.jpg;22;5;;;299;5;;;308;34;5;;;325;6;;;311;31;6;;;301;6;;;309
2501.jpg;19;5;;;308;6;;;306;14;5;;;306;6;;;301;22;5;;;307;6;;;314
2516.jpg;13;5;;;302;6;;;314;13;4;;;312;6;;;309;23;5;;;301;6;;;304
25160.jpg;27;5;;;311;5;;;358;33;5;;;359;4;;;319;28;6;;;300;5;;;328
2524.jpg;16;5;;;299;6;;;310;16;4;;;299;5;;;308;21;4;;;317;5;;;308
25244.jpg;22;5;;;312;5;;;330;25;4;;;317;7;;;310;23;5;;;305;5;;;322
2540.jpg;21;5;;;359;8;[[1.1291124340040528, 0.6381044704452035, -391.4960505451915], [-0.03006037082775967, 1.093966411630073, 26.778301157795223], [-9.498069369181726e-06, 0.0004377840185178527, 1.0]];[[-14.701760891636575, 166.9833983497538, 25115.262609452082], [-154.82412539329638, 46.97519353421986, 101443.35450652294], [4255.257883340762, -147886.49523795987, -16753252.14920035]];327;14;4;;;302;7;;;304;17;5;;;310;6;;;309
2546.jpg;18;5;;;348;3;;;348;13;4;;;312;6;;;329;20;5;;;307;4;;;317
25477.jpg;42;6;;;311;6;;;397;35;6;;;304;5;;;345;46;6;;;339;6;;;338
2564.jpg;10;4;;;305;6;;;313;13;5;;;442;6;;;302;15;5;;;308;6;;;331
2567.jpg;19;5;;;342;7;;;338;15;4;;;405;5;;;381;16;5;;;386;5;;;358
25709.jpg;46;5;;;357;5;;;414;39;5;;;355;5;;;409;46;6;;;315;5;;;344
2588.jpg;22;5;;;327;5;;;409;18;5;;;316;6;;;442;21;5;;;343;4;;;348
25927.jpg;53;7;;;312;7;;;316;48;5;;;332;6;;;429;43;5;;;403;6;;;363
2597.jpg;12;5;;;389;6;;;325;15;4;;;308;5;;;395;18;4;;;387;5;;;322
26138.jpg;51;6;;;423;7;;;314;35;6;;;312;5;;;321;37;5;;;484;6;;;379
2626.jpg;19;5;;;316;7;;;330;21;4;;;323;6;;;319;15;4;;;304;4;;;325
26353.jpg;39;5;;;333;5;;;325;35;5;;;330;5;;;327;34;5;;;327;4;;;329
2639.jpg;17;2;;;323;5;;;344;17;4;;;322;5;;;329;25;5;;;313;5;;;341
26585.jpg;42;6;;;329;6;;;319;34;4;;;479;4;;;322;43;6;;;302;5;;;315
2675.jpg;23;4;;;341;6;;;358;24;5;;;331;5;;;363;20;5;;;318;6;;;328
2678.jpg;18;6;;;301;5;;;313;18;4;;;346;5;;;361;27;6;;;300;7;;;320
26813.jpg;38;6;;;352;5;;;348;26;5;;;310;4;;;328;37;5;;;325;5;;;381
27038.jpg;31;5;;;445;5;;;324;29;5;;;393;5;;;319;20;4;;;308;6;;;320
2719.jpg;15;4;;;304;6;;;321;22;5;;;317;4;;;345;26;5;;;347;6;;;418
2726.jpg;16;6;;;435;5;;;345;20;5;;;300;5;;;308;23;5;;;396;6;;;352
27272.jpg;36;6;;;313;5;;;317;35;5;;;424;5;;;411;23;5;;;314;5;;;313
27440.jpg;23;6;;;395;6;;;312;30;6;;;309;5;;;318;30;5;;;345;6;;;326
27496.jpg;43;6;;;312;6;;;311;49;5;;;312;6;;;318;51;7;;;316;7;;;320
2756.jpg;21;5;;;325;6;;;333;17;4;;;318;6;;;340;36;5;;;343;4;;;460
27716.jpg;47;5;;;310;6;;;385;47;7;;;317;5;;;328;43;7;;;306;6;;;308
2780.jpg;20;5;;;302;7;;;312;27;6;;;302;6;;;311;36;4;;;319;6;;;317
2794.jpg;31;5;;;327;4;;;325;30;6;;;310;5;;;322;35;5;;;314;6;;;312
27940.jpg;43;6;;;322;4;;;311;41;4;;;314;6;;;302;35;5;;;303;6;;;350
28168.jpg;43;6;;;308;6;;;315;35;5;;;318;6;;;315;53;5;;;311;5;;;315
2831.jpg;22;5;;;305;6;;;325;31;4;;;318;7;;;307;44;5;;;324;5;;;316
28328.jpg;45;5;;;329;6;;;303;30;6;;;299;6;;;301;28;5;;;314;6;;;312
2836.jpg;18;4;;;301;6;;;310;21;4;;;306;5;;;317;37;6;;;309;6;;;323
28411.jpg;48;5;;;325;6;;;305;38;6;;;305;5;;;352;44;5;;;342;6;;;332
28413.jpg;34;5;;;356;6;;;327;31;5;;;328;5;;;328;47;6;;;333;4;;;352
28658.jpg;31;6;;;332;6;;;319;30;6;;;318;5;;;413;35;5;;;328;6;;;316
2867.jpg;20;4;;;303;6;;;334;33;5;;;313;9;[[0.9496457919462864, -0.0021685906349430233, 51.59686537448593], [-0.12347562172110627, 0.8072082965655322, -24.43063158394801], [1.9486959884945372e-05, -0.00017147760289308863, 1.0]];[[-8.699197858438746e-07, -7.1952154782338546e-06, 0.006812430292224779], [7.527924503613361e-06, 1.2630549632505863e-07, -0.0057072099040088725], [-0.007109208831970453, 0.005003699565061456, 1.0]];312;41;4;;;318;5;;;319
28768.jpg;31;5;;;311;5;;;304;37;6;;;321;5;;;320;49;5;;;312;5;;;312
28904.jpg;51;7;;;302;6;;;306;35;6;;;400;6;;;475;35;5;;;333;5;;;346
2894.jpg;16;5;;;330;7;;;310;22;6;;;304;6;;;351;20;5;;;348;4;;;375
2906.jpg;22;5;;;370;6;;;324;22;6;;;301;8;[[0.9338709977525307, 0.01661666408136431, 147.88984067492257], [-0.12180049950005054, 0.8501861133276061, -67.95373354931564], [-2.8461013350413226e-07, -0.00010215512981799479, 1.0]];[[-8.549672508366615e-07, -6.6795808437808335e-06, 0.0033985665859059726], [6.363600235684554e-06, -1.051414769921058e-06, -0.00744696484646952], [-0.0030373340772377197, 0.007767463770066612, 1.0]];302;32;5;;;322;4;;;331
29144.jpg;47;6;;;315;6;;;367;26;5;;;312;6;;;408;30;5;;;311;5;;;429
29158.jpg;41;6;;;306;4;;;329;30;5;;;335;5;;;311;35;2;;;358;6;;;386
2944.jpg;33;5;;;399;9;[[0.9709377153178463, 0.0062068674190831515, 24.033448635751096], [-0.0843735020666573, 0.8490677124234854, 6.086575853903455], [3.389391044901686e-05, -0.00012282174387047608, 0.9999999999999999]];[[-4.510683016329368e-06, -3.91954345580799e-05, 0.03992216222724993], [3.960313532795538e-05, -2.951026633078045e-06, -0.02295986350034407], [-0.03865453288886677, 0.025566827136780282, 1.0]];319;27;5;;;360;7;;;308;29;5;;;317;4;;;451
2951.jpg;30;5;;;344;12;[[0.995718612520794, -0.014538231231515332, 221.67884826258936], [-0.09920733632896257, 0.8399007259219584, -94.80324604510086], [5.882045084687916e-05, -0.0001372352504016932, 1.0]];[[3.311579210308886e-07, 1.616537106937834e-06, -0.0036319667465739246], [-1.93536261427532e-06, 7.011782702970977e-08, 0.0007064977990120483], [0.0038196561469473643, -0.00036673151636796463, -0.9020448103296801]];308;31;5;;;319;6;;;328;26;5;;;383;4;;;393
29510.jpg;25;5;;;313;6;;;317;33;5;;;319;5;;;318;41;6;;;326;5;;;318
29519.jpg;34;5;;;354;5;;;468;32;5;;;385;5;;;328;32;6;;;319;6;;;322
29807.jpg;32;6;;;317;6;;;333;20;4;;;336;4;;;330;34;5;;;489;5;;;394
2981.jpg;28;6;;;313;6;;;327;40;6;;;312;6;;;405;33;6;;;310;7;;;452
30092.jpg;27;5;;;424;5;;;346;27;5;;;305;6;;;308;36;4;;;315;5;;;316
3011.jpg;39;7;;;313;5;;;329;33;5;;;330;4;;;329;33;4;;;367;6;;;334
3017.jpg;28;5;;;322;7;;;310;27;6;;;344;8;[[0.5868625112620062, 0.25168021136169133, -159.08226702355242], [-1.1237192276183419, -0.1181797258585375, 845.6481994266942], [-0.0007924840949668334, -0.0002466978681016881, 1.0]];[[-28.097224900304894, -1.5524807979096948, 22520.977275994344], [-10.424432906359272, 25.277352264221946, -9492.69109897074], [18440.1061605457, -9589.756148192144, -7456590.19987613]];384;33;7;;;307;7;;;302
30275.jpg;39;4;;;318;6;;;302;35;4;;;479;5;;;406;28;6;;;330;5;;;325
30430.jpg;32;5;;;330;5;;;321;23;5;;;312;5;;;309;32;5;;;313;6;;;323
3055.jpg;27;4;;;326;6;;;311;26;5;;;314;6;;;391;32;5;;;318;7;;;313
30695.jpg;37;2;;;327;6;;;300;36;7;;;319;5;;;379;26;5;;;431;7;;;422
3079.jpg;18;4;;;466;5;;;467;37;6;;;320;6;;;323;25;6;;;386;7;;;335
30889.jpg;44;4;;;373;4;;;386;44;5;;;306;5;;;320;52;5;;;329;5;;;312
3092.jpg;16;5;;;368;5;;;466;19;5;;;316;4;;;313;13;4;;;308;5;;;318
31001.jpg;48;4;;;434;6;;;310;28;5;;;323;5;;;315;39;5;;;322;5;;;311
31268.jpg;55;6;;;321;5;;;337;47;6;;;327;5;;;321;44;7;;;313;5;;;313
3128.jpg;22;6;;;300;6;;;300;32;6;;;308;5;;;305;29;5;;;314;5;;;308
3149.jpg;24;5;;;306;6;;;317;29;6;;;311;5;;;348;31;6;;;393;6;;;329
31589.jpg;31;5;;;480;5;;;347;31;5;;;313;4;;;314;28;5;;;307;5;;;330
3164.jpg;17;5;;;306;5;;;310;34;5;;;318;6;;;304;40;4;;;331;5;;;305
31762.jpg;24;4;;;318;5;;;347;26;5;;;317;6;;;326;29;5;;;317;4;;;323
32018.jpg;26;5;;;302;5;;;317;34;6;;;316;5;;;314;40;5;;;311;5;;;311
3202.jpg;21;5;;;297;4;;;304;18;3;;;329;5;;;304;17;4;;;299;6;;;307
32048.jpg;28;4;;;317;5;;;314;26;6;;;315;8;[[0.2919598255748946, -1.1306550641699276, 887.7260927849217], [-0.030545377447219555, 0.11716678087761635, 20.059053706796025], [-0.00013432972829504494, -0.0006866661988859593, 1.0]];[[-9.73075669485153e-08, -5.067175041254904e-06, 0.001128111371278794], [2.258823030666168e-06, 2.442757328286429e-06, -0.0032681653275188063], [-0.0015368718760871117, 0.004487447612399584, 1.0]];315;35;5;;;327;6;;;314
32150.jpg;20;6;;;313;5;;;301;23;4;;;318;8;[[1.1909671435639595, 0.16433812047561894, 75.4001139778644], [0.053530147263161326, 1.208673944155948, -680.8761815385045], [3.9279135964624475e-05, 8.392048635050601e-05, 1.0]];[[4.992692364773794e-08, -1.228104052777771e-06, -9.2327652299306e-05], [1.2528393493840303e-06, -1.0420699538359503e-07, -0.0018197241115377161], [-0.0006719390817801304, 0.001540087562011402, 1.0]];303;30;4;;;319;5;;;314
32186.jpg;27;6;;;322;4;;;311;21;5;;;302;9;[[0.7006023748691078, -0.20342216342446576, 311.0687732139018], [-0.02048643317580982, 0.7460035246351561, -478.6271255389233], [-8.709078984044464e-05, -0.00019141553125328904, 1.0]];[[1.1493799905555293e-08, -7.095520577852739e-07, 0.00019727893796823176], [5.778060319268522e-07, -3.2961584763712387e-07, -0.0014898223009912847], [-0.0005813659286103109, 0.0018775821279056746, 1.0]];307;37;5;;;333;6;;;318
3224.jpg;20;5;;;296;5;;;311;18;5;;;299;6;;;294;16;4;;;311;6;;;306
32356.jpg;34;4;;;322;7;;;309;35;6;;;322;8;[[0.873693749528912, -0.3091758515775081, 284.77470476261846], [0.033870969514077615, 0.8062274446666872, -516.5877159002471], [8.25310636051926e-06, -0.00018551922445372824, 1.0]];[[-3.609806450073802e-08, -2.2982795311254345e-05, 0.006661690380108069], [2.3251899659959653e-05, 9.687515378306948e-06, 0.0007718691112605178], [-0.020426690891083017, -0.01429498954935822, 1.0]];309;35;5;;;319;4;;;322
3239.jpg;35;6;;;304;5;;;311;24;5;;;449;6;;;335;26;5;;;321;4;;;314
32432.jpg;35;4;;;313;7;;;307;27;6;;;304;6;;;327;31;5;;;329;5;;;323
32519.jpg;39;5;;;330;6;;;323;27;5;;;310;6;;;305;35;5;;;314;5;;;395
32672.jpg;38;5;;;317;7;;;304;36;4;;;359;7;;;331;40;5;;;327;5;;;355
3275.jpg;19;5;;;302;6;;;300;22;6;;;421;5;;;501;30;6;;;308;5;;;308
32822.jpg;33;3;;;315;7;;;319;38;5;;;327;4;;;310;35;4;;;312;6;;;302
32824.jpg;28;4;;;304;6;;;356;37;5;;;442;5;;;421;35;4;;;361;5;;;321
32977.jpg;26;5;;;305;6;;;311;27;3;;;310;6;;;367;34;5;;;326;5;;;410
3302.jpg;28;5;;;320;5;;;312;30;6;;;304;5;;;324;27;5;;;323;5;;;456
3311.jpg;33;5;;;334;5;;;328;40;5;;;346;4;;;383;31;6;;;323;5;;;338
33139.jpg;28;5;;;316;6;;;324;28;5;;;366;5;;;363;38;5;;;486;6;;;323
33172.jpg;24;5;;;346;8;[[-0.09847745610674946, -0.1742935374046866, 1100.284218011993], [-0.2703319127022681, 0.4852983515793157, 51.850509262340545], [-0.0003469614952606579, -8.620787246267395e-05, 1.0]];[[-6.965828878121342e-07, -3.6290936478492327e-06, 0.0021176477995448386], [2.8688279484230533e-06, 6.58133934097407e-07, -0.004772179481422014], [-0.001228462829951348, 0.0034935069980096805, 1.0]];304;21;5;;;306;4;;;321;28;5;;;338;4;;;327
33307.jpg;31;5;;;324;5;;;323;28;4;;;322;4;;;320;29;5;;;312;6;;;298
33458.jpg;26;4;;;307;4;;;310;19;6;;;463;6;;;410;29;5;;;324;6;;;308
33478.jpg;23;4;;;317;6;;;331;28;5;;;333;6;;;305;25;5;;;305;4;;;368
3350.jpg;26;5;;;304;5;;;306;30;4;;;355;5;;;313;28;5;;;326;5;;;329
33653.jpg;42;5;;;319;4;;;311;36;5;;;323;4;;;321;47;6;;;476;5;;;445
33734.jpg;24;4;;;323;4;;;321;24;5;;;313;5;;;432;25;5;;;318;5;;;315
33827.jpg;23;5;;;310;5;;;329;38;5;;;341;5;;;317;40;5;;;473;5;;;324
3386.jpg;23;5;;;451;5;;;454;34;3;;;358;6;;;372;29;5;;;343;6;;;341
3388.jpg;25;5;;;317;5;;;321;31;6;;;307;4;;;355;36;5;;;331;5;;;366
33992.jpg;26;5;;;339;6;;;343;30;6;;;350;5;;;344;33;5;;;329;6;;;356
34018.jpg;19;5;;;345;5;;;383;28;6;;;420;5;;;449;37;4;;;464;5;;;383
34151.jpg;19;4;;;313;5;;;313;27;7;;;295;4;;;303;37;5;;;325;5;;;329
3425.jpg;38;5;;;310;5;;;313;23;5;;;307;4;;;319;29;5;;;350;6;;;358
34309.jpg;20;4;;;304;5;;;327;22;5;;;298;5;;;309;17;4;;;299;4;;;337
34343.jpg;23;5;;;315;5;;;330;20;3;;;319;5;;;318;24;5;;;303;5;;;324
34469.jpg;10;4;;;330;5;;;543;22;5;;;309;5;;;318;25;5;;;299;5;;;307
3463.jpg;19;4;;;324;5;;;321;23;4;;;306;4;;;312;37;5;;;316;5;;;317
34631.jpg;22;5;;;311;5;;;310;15;4;;;298;7;;;306;16;4;;;306;7;;;310
34670.jpg;21;5;;;306;5;;;314;15;4;;;305;5;;;306;14;4;;;301;5;;;315
34802.jpg;31;5;;;312;6;;;308;34;5;;;311;7;;;319;34;5;;;436;8;[[0.1190394004669892, -0.09385749590481578, 119.83645279039196], [0.45436938955671224, 0.5074500370028937, -610.8520826242886], [-0.00043382934634850917, -0.00043832620317293323, 1.0]];[[9.875519254231663e-07, -7.859000701325717e-07, -0.0005665745026621204], [1.0703641584380246e-06, -5.041328333545895e-07, -0.0008251142960491661], [-0.0016823805695681722, 0.0012815309187842582, 1.0]];381
3484.jpg;18;4;;;440;4;;;310;43;5;;;320;4;;;326;41;6;;;312;5;;;321
34975.jpg;28;4;;;309;6;;;312;28;5;;;338;6;;;356;23;5;;;300;6;;;347
34988.jpg;33;4;;;312;6;;;319;33;5;;;357;7;;;332;30;5;;;328;4;;;313
3500.jpg;28;4;;;334;5;;;309;34;4;;;307;6;;;338;39;6;;;333;4;;;326
35085.jpg;37;5;;;315;5;;;326;34;5;;;322;6;;;308;37;6;;;313;5;;;311
35101.jpg;34;6;;;319;5;;;322;32;6;;;310;5;;;329;31;4;;;314;6;;;310
35186.jpg;32;6;;;302;6;;;306;34;5;;;381;6;;;435;30;4;;;371;6;;;315
35219.jpg;20;4;;;357;5;;;449;27;6;;;307;5;;;329;34;5;;;320;5;;;315
35270.jpg;27;6;;;303;5;;;318;23;5;;;309;6;;;319;31;4;;;316;5;;;321
35356.jpg;26;5;;;305;5;;;317;21;5;;;312;6;;;322;34;5;;;334;5;;;317
35378.jpg;34;4;;;327;5;;;474;33;6;;;322;6;;;314;39;6;;;399;5;;;325
3538.jpg;22;5;;;317;5;;;314;30;4;;;330;5;;;384;29;5;;;318;6;;;329
35441.jpg;32;5;;;333;5;;;466;33;5;;;340;6;;;318;33;6;;;309;6;;;317
35531.jpg;22;5;;;313;6;;;332;22;4;;;318;5;;;311;19;5;;;292;6;;;298
35549.jpg;17;5;;;309;5;;;323;30;5;;;315;6;;;298;27;5;;;305;6;;;299
35621.jpg;19;4;;;307;5;;;324;26;6;;;298;6;;;335;24;5;;;323;6;;;317
35711.jpg;21;6;;;309;5;;;326;12;5;;;325;5;;;340;20;4;;;464;5;;;311
3575.jpg;17;5;;;299;6;;;309;23;6;;;298;4;;;320;45;5;;;324;6;;;310
35803.jpg;39;5;;;308;6;;;331;30;5;;;338;6;;;324;29;5;;;321;6;;;309
35881.jpg;36;6;;;302;6;;;323;22;5;;;312;7;;;302;34;6;;;315;7;;;315
35893.jpg;49;6;;;306;6;;;313;43;7;;;298;4;;;341;41;5;;;309;5;;;326
35984.jpg;41;5;;;325;5;;;313;26;5;;;321;6;;;319;32;5;;;313;6;;;303
3605.jpg;19;4;;;298;5;;;328;31;5;;;475;7;;;398;28;5;;;305;5;;;312
36052.jpg;32;4;;;330;4;;;316;23;6;;;304;5;;;316;43;6;;;300;6;;;302
36074.jpg;34;4;;;337;5;;;365;38;5;;;323;7;;;303;41;5;;;315;6;;;306
3611.jpg;24;4;;;357;4;;;345;39;7;;;323;5;;;316;35;5;;;316;5;;;315
36164.jpg;33;5;;;313;6;;;293;30;5;;;318;6;;;323;40;5;;;320;7;;;328
36221.jpg;33;6;;;323;6;;;302;53;6;;;311;4;;;310;43;6;;;299;6;;;301
36253.jpg;41;5;;;316;6;;;319;36;5;;;317;5;;;322;45;6;;;355;6;;;320
36341.jpg;45;3;;;329;6;;;390;39;4;;;336;6;;;306;36;5;;;326;6;;;314
36397.jpg;34;4;;;329;6;;;307;39;5;;;314;5;;;305;46;5;;;303;6;;;301
36428.jpg;34;6;;;303;6;;;306;33;5;;;318;6;;;306;33;5;;;317;5;;;306
3647.jpg;29;6;;;307;5;;;318;28;5;;;315;6;;;316;33;5;;;310;6;;;337
36517.jpg;37;6;;;330;4;;;327;24;5;;;304;5;;;325;34;6;;;312;5;;;313
36571.jpg;32;5;;;320;4;;;314;21;4;;;451;4;;;421;28;5;;;310;5;;;299
36605.jpg;17;4;;;305;5;;;323;19;4;;;323;4;;;341;22;5;;;299;5;;;311
36695.jpg;29;4;;;312;5;;;306;28;5;;;305;5;;;308;31;5;;;328;5;;;310
36734.jpg;33;5;;;329;5;;;306;23;4;;;322;6;;;318;30;5;;;358;7;;;315
36782.jpg;17;4;;;305;5;;;327;29;4;;;350;6;;;315;33;5;;;318;5;;;347
3683.jpg;28;6;;;413;4;;;424;40;6;;;323;5;;;364;36;5;;;310;5;;;329
36869.jpg;25;5;;;311;5;;;449;23;5;;;311;5;;;316;28;4;;;317;4;;;319
36895.jpg;28;4;;;311;5;;;305;41;5;;;383;6;;;370;37;5;;;327;5;;;315
36958.jpg;20;4;;;297;3;;;314;40;4;;;415;6;;;470;33;6;;;343;6;;;308
37045.jpg;19;4;;;305;5;;;311;30;5;;;309;5;;;315;36;5;;;330;5;;;300
37060.jpg;17;5;;;293;4;;;339;30;5;;;317;5;;;314;29;3;;;497;4;;;325
37130.jpg;21;4;;;299;5;;;301;37;5;;;332;5;;;325;30;5;;;315;5;;;321
3718.jpg;24;5;;;306;5;;;322;27;5;;;408;6;;;331;29;5;;;483;5;;;506
37217.jpg;17;4;;;302;4;;;297;47;6;;;305;6;;;440;30;5;;;348;5;;;471
37228.jpg;29;5;;;322;5;;;308;36;5;;;322;5;;;415;39;5;;;321;6;;;328
37304.jpg;17;4;;;338;4;;;329;31;5;;;321;4;;;315;52;5;;;315;4;;;317
37391.jpg;15;5;;;307;5;;;312;21;5;;;312;5;;;361;32;5;;;429;5;;;313
37400.jpg;23;5;;;422;4;;;293;16;4;;;416;6;;;424;28;5;;;413;2;;;318
37478.jpg;22;5;;;322;4;;;357;33;5;;;309;7;;;299;48;6;;;306;5;;;345
3752.jpg;23;5;;;421;6;;;347;28;4;;;320;4;;;317;36;6;;;308;5;;;324
37564.jpg;14;4;;;294;5;;;306;27;5;;;318;5;;;352;29;6;;;306;5;;;316
37571.jpg;17;6;;;327;5;;;343;32;4;;;328;5;;;331;35;5;;;314;4;;;322
37649.jpg;22;4;;;413;4;;;329;32;4;;;312;7;;;333;21;5;;;327;5;;;323
37733.jpg;28;5;;;306;6;;;308;31;5;;;336;5;;;333;33;5;;;372;6;;;350
37744.jpg;34;6;;;354;7;;;383;42;6;;;305;5;;;323;28;5;;;312;6;;;318
37819.jpg;21;5;;;321;5;;;326;28;6;;;328;5;;;309;29;5;;;304;6;;;300
3782.jpg;20;5;;;306;4;;;304;34;6;;;307;4;;;370;30;5;;;345;4;;;310
3788.jpg;40;4;;;327;5;;;357;31;5;;;321;5;;;346;34;6;;;304;6;;;331
37901.jpg;17;5;;;304;4;;;335;23;5;;;317;5;;;358;12;4;;;331;5;;;398
37922.jpg;22;4;;;363;5;;;449;17;4;;;310;6;;;319;19;4;;;318;4;;;327
37984.jpg;28;5;;;316;6;;;300;26;5;;;307;5;;;324;17;4;;;296;5;;;328
38065.jpg;25;4;;;317;5;;;321;31;5;;;324;5;;;314;25;6;;;309;5;;;328
38111.jpg;33;4;;;316;5;;;320;36;5;;;313;5;;;328;35;6;;;304;5;;;326
38147.jpg;33;6;;;303;5;;;326;32;4;;;326;6;;;302;29;5;;;314;6;;;304
3821.jpg;29;6;;;303;5;;;330;38;5;;;309;6;;;327;36;6;;;405;7;;;356
38231.jpg;21;4;;;337;7;;;322;32;4;;;451;5;;;446;25;4;;;502;5;;;409
38305.jpg;33;5;;;319;5;;;413;33;5;;;342;4;;;331;37;5;;;354;5;;;426
38317.jpg;41;5;;;317;5;;;314;45;5;;;309;6;;;306;35;5;;;325;5;;;332
38399.jpg;38;4;;;326;2;;;317;37;5;;;307;6;;;301;31;5;;;328;5;;;320
38482.jpg;42;5;;;314;6;;;303;43;5;;;311;5;;;312;39;6;;;313;5;;;316
38495.jpg;39;5;;;314;5;;;319;38;5;;;316;5;;;316;34;5;;;326;3;;;316
38564.jpg;38;4;;;318;5;;;347;29;6;;;315;5;;;333;35;5;;;324;6;;;312
3857.jpg;36;5;;;325;5;;;318;24;5;;;303;7;;;302;35;5;;;316;4;;;309
38645.jpg;46;5;;;305;5;;;308;33;5;;;320;6;;;338;37;5;;;343;5;;;326
38672.jpg;34;5;;;408;6;;;414;30;3;;;425;5;;;443;31;6;;;428;5;;;326
38729.jpg;25;6;;;409;6;;;397;31;5;;;327;6;;;348;35;5;;;369;5;;;343
38809.jpg;27;6;;;323;4;;;337;23;4;;;323;5;;;329;31;5;;;464;4;;;383
38843.jpg;32;7;;;342;4;;;328;31;5;;;312;5;;;320;44;4;;;312;5;;;330
38890.jpg;29;5;;;338;5;;;329;43;6;;;315;5;;;311;34;5;;;311;5;;;325
3890.jpg;40;6;;;309;5;;;324;39;6;;;317;5;;;327;48;6;;;321;5;;;338
38968.jpg;32;5;;;337;6;;;313;42;6;;;307;5;;;315;39;5;;;327;5;;;312
39041.jpg;35;4;;;302;5;;;299;32;4;;;312;5;;;311;40;5;;;342;4;;;346
39049.jpg;31;5;;;330;6;;;316;45;6;;;322;5;;;323;39;6;;;299;6;;;306
39128.jpg;31;5;;;316;6;;;323;49;6;;;318;5;;;324;39;7;;;298;6;;;316
39208.jpg;32;5;;;413;5;;;391;38;6;;;308;4;;;309;28;5;;;314;5;;;323
39217.jpg;32;5;;;319;6;;;326;38;6;;;309;7;;;305;39;6;;;309;5;;;350
3923.jpg;34;6;;;291;6;;;302;29;6;;;296;5;;;315;43;5;;;311;4;;;314
39290.jpg;30;6;;;295;5;;;326;44;5;;;316;5;;;304;44;5;;;322;5;;;320
39365.jpg;40;5;;;313;6;;;320;47;5;;;368;4;;;327;47;5;;;317;6;;;304
39373.jpg;45;6;;;341;5;;;332;43;7;;;300;5;;;305;49;7;;;303;6;;;298
39455.jpg;41;6;;;303;6;;;302;39;6;;;312;5;;;328;47;6;;;296;7;;;300
39511.jpg;40;6;;;300;5;;;328;40;5;;;324;5;;;315;51;6;;;320;6;;;441
39539.jpg;35;5;;;321;4;;;342;29;5;;;322;5;;;322;48;6;;;312;5;;;327
3958.jpg;38;4;;;326;5;;;413;46;6;;;387;5;;;345;43;5;;;384;5;;;348
39629.jpg;32;6;;;313;6;;;317;38;6;;;327;6;;;326;52;6;;;360;6;;;481
39640.jpg;37;6;;;397;5;;;440;31;6;;;307;5;;;327;46;7;;;321;5;;;339
39722.jpg;37;4;;;327;4;;;321;38;5;;;316;4;;;316;60;6;;;318;5;;;311
39755.jpg;34;5;;;310;6;;;311;36;6;;;315;7;;;303;41;5;;;514;6;;;378
39820.jpg;37;4;;;311;5;;;335;37;5;;;332;4;;;318;47;6;;;311;6;;;311
39862.jpg;32;5;;;309;5;;;319;47;5;;;337;5;;;350;42;6;;;305;4;;;308
3992.jpg;27;5;;;309;4;;;318;35;6;;;302;5;;;308;50;6;;;314;6;;;320
39926.jpg;23;5;;;306;5;;;307;31;4;;;323;5;;;313;26;3;;;309;4;;;313
39958.jpg;28;5;;;311;6;;;293;28;5;;;307;5;;;303;29;6;;;302;6;;;307
40043.jpg;28;5;;;340;6;;;300;37;5;;;315;4;;;308;46;4;;;328;6;;;329
40057.jpg;21;4;;;320;5;;;306;32;5;;;320;4;;;328;29;6;;;468;6;;;363
40121.jpg;45;7;;;311;5;;;346;27;6;;;308;4;;;313;35;4;;;325;6;;;319
40141.jpg;27;5;;;316;5;;;319;32;5;;;322;6;;;315;29;5;;;310;4;;;305
40178.jpg;35;6;;;333;5;;;323;39;4;;;315;6;;;305;32;5;;;313;5;;;310
40190.jpg;33;6;;;312;4;;;323;41;6;;;310;6;;;303;34;5;;;444;5;;;368
40214.jpg;38;5;;;309;5;;;314;39;7;;;309;6;;;308;30;6;;;308;5;;;346
40250.jpg;38;5;;;325;5;;;306;33;5;;;334;5;;;334;38;5;;;336;5;;;336
4027.jpg;40;7;;;327;6;;;318;39;5;;;322;6;;;319;44;5;;;316;6;;;315
40288.jpg;31;4;;;352;6;;;485;35;6;;;312;5;;;322;32;5;;;345;7;;;314
40292.jpg;35;5;;;319;5;;;313;37;4;;;332;6;;;308;35;5;;;410;5;;;489
40325.jpg;28;4;;;476;6;;;444;37;6;;;307;6;;;316;31;6;;;304;5;;;324
4033.jpg;40;5;;;497;5;;;457;39;5;;;449;6;;;317;49;6;;;393;5;;;372
40363.jpg;33;6;;;324;4;;;327;43;6;;;322;5;;;319;29;4;;;417;5;;;313
40388.jpg;33;6;;;297;6;;;351;37;3;;;335;5;;;329;26;5;;;313;4;;;325
40400.jpg;21;4;;;319;4;;;304;28;5;;;322;4;;;318;27;4;;;342;4;;;345
40439.jpg;27;5;;;327;6;;;343;29;5;;;400;5;;;527;28;4;;;321;6;;;316
40477.jpg;28;4;;;328;6;;;316;30;5;;;318;5;;;412;22;5;;;317;5;;;374
40481.jpg;34;5;;;398;6;;;472;32;6;;;463;5;;;449;40;6;;;424;4;;;330
40516.jpg;35;7;;;475;4;;;406;29;5;;;311;3;;;312;28;6;;;316;6;;;385
40553.jpg;28;5;;;339;6;;;322;26;6;;;452;7;;;401;31;5;;;403;6;;;315
40576.jpg;31;6;;;308;5;;;324;47;6;;;334;6;;;415;38;5;;;412;6;;;338
40591.jpg;36;5;;;488;5;;;381;28;5;;;345;5;;;309;29;5;;;370;5;;;322
4061.jpg;39;5;;;343;5;;;321;33;6;;;309;5;;;363;46;6;;;347;4;;;495
40627.jpg;27;4;;;344;6;;;347;30;5;;;358;5;;;322;37;6;;;308;5;;;313
40666.jpg;31;6;;;297;6;;;351;26;5;;;329;5;;;327;21;4;;;309;5;;;384
40672.jpg;35;4;;;466;5;;;324;35;4;;;456;5;;;443;24;5;;;327;5;;;356
40706.jpg;30;5;;;332;6;;;301;42;5;;;373;4;;;318;23;5;;;307;5;;;376
40742.jpg;28;5;;;387;6;;;473;39;7;;;356;6;;;373;44;5;;;355;4;;;426
40745.jpg;28;5;;;385;5;;;411;34;5;;;344;6;;;331;33;6;;;302;4;;;358
40784.jpg;32;6;;;297;5;;;318;49;6;;;334;6;;;477;41;5;;;315;5;;;333
40822.jpg;40;4;;;467;4;;;420;41;6;;;299;5;;;325;41;5;;;446;5;;;459
40825.jpg;41;5;;;325;6;;;353;35;5;;;342;6;;;320;46;7;;;309;5;;;330
40867.jpg;27;5;;;369;6;;;409;32;4;;;316;6;;;317;26;5;;;318;5;;;306
40891.jpg;24;5;;;305;6;;;303;19;5;;;294;6;;;385;33;5;;;309;5;;;323
40907.jpg;20;4;;;308;5;;;305;21;5;;;312;5;;;312;26;5;;;316;6;;;347
40946.jpg;35;6;;;324;5;;;383;33;4;;;329;5;;;320;31;5;;;341;6;;;374
40961.jpg;24;6;;;333;5;;;359;35;3;;;329;6;;;377;42;4;;;466;5;;;334
4097.jpg;39;6;;;310;5;;;320;50;6;;;319;6;;;338;43;5;;;326;4;;;321
40985.jpg;27;5;;;313;4;;;330;37;6;;;316;6;;;318;31;5;;;320;4;;;315
41027.jpg;26;6;;;297;6;;;364;39;5;;;329;5;;;314;42;5;;;333;4;;;340
41029.jpg;42;5;;;320;6;;;312;41;5;;;321;4;;;339;32;6;;;299;4;;;313
41066.jpg;33;6;;;301;5;;;339;28;5;;;341;4;;;377;37;5;;;467;6;;;314
41105.jpg;38;5;;;357;5;;;319;36;5;;;469;6;;;340;36;5;;;333;6;;;305
41107.jpg;29;5;;;315;6;;;306;41;6;;;324;4;;;305;34;6;;;314;5;;;324
41146.jpg;43;5;;;338;5;;;347;41;6;;;318;5;;;331;45;5;;;343;5;;;335
41182.jpg;29;4;;;366;4;;;339;37;5;;;335;5;;;358;38;6;;;316;5;;;342
41186.jpg;43;5;;;331;5;;;432;39;5;;;483;4;;;376;28;6;;;322;5;;;342
41228.jpg;25;5;;;312;5;;;329;37;4;;;371;6;;;321;25;5;;;298;6;;;302
41254.jpg;29;5;;;315;5;;;333;42;6;;;436;5;;;404;32;4;;;333;4;;;325
41270.jpg;43;7;;;350;6;;;369;43;6;;;318;3;;;326;29;6;;;296;6;;;304
4130.jpg;42;6;;;320;5;;;328;43;6;;;310;4;;;321;50;5;;;314;4;;;318
41309.jpg;38;6;;;317;5;;;304;43;4;;;320;7;;;302;39;6;;;311;6;;;309
41332.jpg;36;5;;;317;4;;;292;40;5;;;350;4;;;357;39;5;;;375;5;;;360
41350.jpg;27;5;;;373;5;;;338;47;4;;;324;6;;;341;33;5;;;365;6;;;353
41390.jpg;30;5;;;323;5;;;322;36;5;;;312;5;;;312;45;5;;;338;5;;;326
41411.jpg;22;5;;;324;5;;;323;42;6;;;304;5;;;321;39;5;;;315;6;;;311
41429.jpg;25;5;;;317;5;;;321;39;5;;;364;6;;;366;44;5;;;327;5;;;342
41471.jpg;33;6;;;434;5;;;518;39;5;;;328;4;;;306;43;6;;;311;6;;;334
41483.jpg;32;5;;;334;4;;;320;45;6;;;308;5;;;415;40;6;;;348;3;;;351
41512.jpg;25;5;;;362;5;;;358;44;6;;;337;6;;;315;41;5;;;326;7;;;309
41549.jpg;30;5;;;310;5;;;321;43;6;;;364;4;;;342;37;4;;;321;6;;;319
41567.jpg;21;6;;;326;6;;;390;40;6;;;342;5;;;386;37;5;;;410;5;;;423
41588.jpg;24;5;;;372;4;;;319;37;5;;;309;4;;;384;28;5;;;348;4;;;339
41629.jpg;38;4;;;326;5;;;328;38;5;;;333;5;;;329;41;5;;;328;5;;;315
41644.jpg;37;5;;;309;5;;;303;42;4;;;330;6;;;329;48;6;;;332;5;;;331
4166.jpg;58;6;;;333;4;;;356;44;5;;;325;6;;;332;41;6;;;357;7;;;331
41668.jpg;32;4;;;346;5;;;330;35;6;;;308;5;;;364;42;5;;;355;5;;;317
41707.jpg;26;5;;;396;5;;;399;36;5;;;326;6;;;309;48;5;;;416;5;;;462
41725.jpg;31;6;;;413;6;;;376;46;7;;;394;5;;;475;51;6;;;508;6;;;432
41746.jpg;23;4;;;448;5;;;376;33;5;;;380;4;;;355;38;4;;;335;4;;;322
41786.jpg;24;6;;;313;5;;;326;45;5;;;326;5;;;322;40;7;;;493;6;;;525
41801.jpg;30;6;;;311;5;;;313;53;5;;;331;7;;;305;46;6;;;317;5;;;319
41825.jpg;24;5;;;304;4;;;489;36;5;;;401;5;;;310;38;4;;;324;6;;;323
41864.jpg;25;5;;;308;5;;;327;48;4;;;380;5;;;545;37;6;;;369;5;;;328
41887.jpg;29;5;;;335;4;;;305;36;5;;;321;5;;;333;44;4;;;384;6;;;516
41903.jpg;24;5;;;422;5;;;332;34;5;;;330;5;;;339;46;4;;;323;5;;;318
41942.jpg;27;5;;;351;5;;;506;35;5;;;409;3;;;318;43;5;;;320;6;;;316
41971.jpg;26;5;;;311;4;;;314;32;6;;;311;5;;;333;35;6;;;551;5;;;343
41981.jpg;32;5;;;322;5;;;317;49;5;;;323;5;;;332;39;6;;;319;5;;;458
4199.jpg;36;5;;;537;6;;;336;26;5;;;312;5;;;335;42;6;;;326;5;;;332
42019.jpg;21;5;;;316;4;;;405;38;5;;;511;5;;;375;49;7;;;314;5;;;337
42050.jpg;31;5;;;342;4;;;329;38;5;;;331;4;;;385;48;6;;;525;5;;;419
42058.jpg;34;5;;;336;5;;;313;35;5;;;325;5;;;325;49;5;;;323;5;;;354
42098.jpg;31;5;;;531;5;;;454;31;4;;;351;5;;;319;34;4;;;316;5;;;324
42130.jpg;37;5;;;333;5;;;317;27;5;;;506;4;;;485;35;6;;;335;4;;;336
42137.jpg;24;6;;;306;5;;;318;29;5;;;323;5;;;311;34;5;;;398;6;;;514
42176.jpg;27;5;;;307;4;;;308;35;5;;;314;6;;;340;49;5;;;339;5;;;330
42206.jpg;36;5;;;512;6;;;514;48;5;;;323;6;;;313;43;8;[[5.499475470973344, 5.2126873392381805, -1977.3087157483321], [-0.5232686216086266, 5.135401852421443, 661.2390870329882], [0.004581280662282787, 0.0017328883116767223, 1.0]];[[1.915141357273647e-06, 8.777758427197405e-07, -0.0021254410317121265], [-2.353640917662905e-06, 2.0335520585579193e-06, 0.0008845510830257678], [-0.00011975895812265034, -0.0016170248567716923, 1.0]];307;5;;;324
42217.jpg;37;5;;;368;6;;;332;50;5;;;520;5;;;531;38;6;;;315;5;;;322
42257.jpg;29;5;;;312;6;;;314;53;6;;;319;6;;;315;41;5;;;502;5;;;527
42289.jpg;30;5;;;328;5;;;309;40;4;;;310;6;;;309;35;5;;;323;6;;;314
42296.jpg;25;4;;;483;4;;;516;29;5;;;310;6;;;315;36;5;;;334;5;;;333
42335.jpg;28;5;;;318;5;;;315;31;4;;;494;5;;;516;48;5;;;323;7;;;341
4235.jpg;36;6;;;310;2;;;327;38;5;;;339;5;;;326;47;5;;;471;4;;;570
42365.jpg;21;5;;;327;3;;;335;39;6;;;325;5;;;335;37;5;;;336;3;;;319
42376.jpg;36;6;;;311;5;;;518;43;5;;;354;5;;;333;52;6;;;310;6;;;325
42416.jpg;20;4;;;346;6;;;331;34;5;;;334;7;;;424;44;5;;;417;6;;;321
42440.jpg;26;5;;;327;5;;;310;37;5;;;324;6;;;315;52;6;;;364;6;;;513
42457.jpg;30;6;;;446;6;;;318;39;5;;;320;6;;;314;39;4;;;319;7;;;330
42497.jpg;26;5;;;331;5;;;524;37;5;;;445;4;;;336;40;6;;;319;5;;;329
42521.jpg;31;4;;;323;5;;;317;28;5;;;309;5;;;339;36;5;;;507;6;;;304
42538.jpg;32;4;;;323;5;;;321;26;5;;;304;5;;;318;48;6;;;333;6;;;423
42578.jpg;30;5;;;525;4;;;359;35;4;;;329;6;;;328;39;5;;;329;5;;;323
42604.jpg;27;5;;;320;6;;;317;42;5;;;520;5;;;454;54;7;;;319;5;;;340
42620.jpg;36;5;;;331;5;;;323;54;6;;;322;7;;;325;42;5;;;428;5;;;527
42662.jpg;29;5;;;330;5;;;320;33;5;;;343;5;;;344;41;5;;;338;6;;;313
42689.jpg;27;5;;;350;7;;;513;45;5;;;325;5;;;317;41;5;;;317;5;;;325
4270.jpg;26;5;;;328;5;;;334;33;6;;;491;5;;;539;28;5;;;324;5;;;321
42703.jpg;34;6;;;320;5;;;323;38;5;;;328;6;;;322;42;6;;;490;5;;;530
4274.jpg;29;6;;;332;5;;;326;31;5;;;320;6;;;303;42;6;;;312;5;;;325
42745.jpg;40;5;;;417;5;;;513;39;6;;;359;6;;;325;37;7;;;309;6;;;317
42776.jpg;24;4;;;320;4;;;321;40;6;;;370;5;;;524;46;4;;;413;5;;;319
42785.jpg;32;5;;;326;6;;;335;45;5;;;334;6;;;316;37;6;;;326;5;;;330
42824.jpg;25;4;;;519;5;;;318;49;6;;;315;5;;;324;38;6;;;320;5;;;327
42859.jpg;36;5;;;343;5;;;449;35;6;;;501;4;;;330;46;5;;;340;7;;;309
42865.jpg;32;5;;;334;5;;;351;39;5;;;328;2;;;323;39;6;;;513;5;;;394
42905.jpg;28;5;;;316;6;;;305;25;5;;;311;4;;;342;39;6;;;312;6;;;339
42940.jpg;38;6;;;505;4;;;463;35;5;;;344;7;;;323;43;5;;;321;5;;;322
42946.jpg;43;5;;;324;6;;;317;43;4;;;388;6;;;512;41;4;;;348;5;;;325
42986.jpg;32;5;;;332;6;;;317;41;6;;;331;5;;;325;41;6;;;316;5;;;458
43019.jpg;37;5;;;405;5;;;309;34;4;;;330;5;;;359;34;5;;;338;6;;;316
43028.jpg;35;6;;;304;7;;;485;36;5;;;479;5;;;326;30;5;;;320;5;;;330
4304.jpg;29;5;;;322;6;;;333;41;6;;;312;6;;;469;31;5;;;525;5;;;320
43067.jpg;32;6;;;320;6;;;316;41;5;;;317;6;;;320;32;5;;;345;5;;;449
43099.jpg;27;5;;;505;5;;;353;19;5;;;312;4;;;333;37;5;;;336;5;;;353
43108.jpg;27;4;;;332;4;;;325;33;6;;;521;6;;;390;23;4;;;320;5;;;312
43148.jpg;30;5;;;330;5;;;313;22;6;;;302;5;;;330;36;6;;;519;5;;;500
43177.jpg;20;4;;;328;4;;;326;22;6;;;303;5;;;380;27;4;;;359;5;;;319
43187.jpg;29;4;;;446;5;;;527;17;5;;;318;5;;;313;32;6;;;310;6;;;307
43229.jpg;25;4;;;330;6;;;328;25;4;;;528;6;;;527;33;5;;;327;6;;;347
43249.jpg;39;6;;;325;4;;;338;30;5;;;336;5;;;331;42;6;;;312;5;;;511
43270.jpg;28;5;;;323;4;;;323;33;6;;;314;5;;;322;47;5;;;324;5;;;334
43312.jpg;37;5;;;445;6;;;504;34;5;;;339;6;;;314;44;6;;;314;5;;;322
43315.jpg;29;5;;;331;6;;;309;31;5;;;354;6;;;518;36;5;;;446;5;;;323
43355.jpg;34;7;;;319;6;;;313;29;5;;;325;6;;;324;47;7;;;331;6;;;496
43378.jpg;31;5;;;501;4;;;334;29;5;;;320;6;;;317;41;4;;;329;5;;;333
4339.jpg;29;4;;;331;4;;;509;33;5;;;478;4;;;316;36;5;;;338;7;;;327
43397.jpg;29;5;;;329;5;;;322;31;4;;;326;6;;;486;35;5;;;547;6;;;330
43439.jpg;38;6;;;326;5;;;331;33;6;;;324;6;;;317;31;5;;;318;4;;;315
43441.jpg;31;5;;;519;5;;;370;40;6;;;313;6;;;318;46;6;;;316;4;;;334
43484.jpg;30;6;;;309;6;;;392;46;5;;;524;4;;;384;34;6;;;318;6;;;307
43499.jpg;32;6;;;312;5;;;319;40;7;;;321;5;;;344;43;5;;;516;6;;;465
43526.jpg;33;5;;;337;3;;;314;29;4;;;323;6;;;325;41;6;;;314;6;;;319
43559.jpg;34;5;;;517;4;;;502;32;5;;;343;7;;;312;42;6;;;331;6;;;310
43570.jpg;36;4;;;334;5;;;305;33;4;;;522;5;;;536;40;6;;;330;6;;;313
43613.jpg;31;5;;;329;4;;;318;30;5;;;328;6;;;337;38;4;;;332;5;;;542
43616.jpg;45;6;;;333;5;;;329;31;5;;;318;5;;;323;41;4;;;325;6;;;309
43655.jpg;34;4;;;343;5;;;471;20;5;;;369;6;;;344;40;5;;;324;6;;;312
43673.jpg;36;6;;;312;5;;;309;23;5;;;299;6;;;367;37;5;;;478;5;;;321
43697.jpg;39;5;;;326;5;;;330;28;5;;;317;5;;;331;40;5;;;328;6;;;310
4373.jpg;39;6;;;512;5;;;398;33;5;;;319;7;;;314;26;4;;;325;6;;;316
43732.jpg;30;6;;;307;5;;;378;29;5;;;538;5;;;432;31;4;;;339;6;;;321
43739.jpg;26;5;;;326;5;;;332;25;5;;;308;6;;;302;26;5;;;507;6;;;463
43781.jpg;23;5;;;318;5;;;322;39;6;;;314;6;;;326;39;6;;;312;6;;;311
43790.jpg;29;5;;;509;6;;;522;37;5;;;355;6;;;327;27;5;;;315;3;;;324
43823.jpg;36;5;;;350;5;;;323;32;5;;;522;5;;;514;32;6;;;315;5;;;327
43850.jpg;33;4;;;321;4;;;329;29;4;;;313;6;;;319;33;5;;;519;5;;;530
43867.jpg;28;4;;;340;4;;;335;38;4;;;331;5;;;323;41;5;;;329;6;;;356
43909.jpg;27;5;;;513;5;;;483;34;5;;;328;6;;;321;36;5;;;315;4;;;331
43913.jpg;28;4;;;334;5;;;336;52;5;;;529;6;;;500;43;6;;;338;5;;;335
43952.jpg;49;5;;;331;4;;;325;53;5;;;319;4;;;384;48;4;;;518;6;;;401
43976.jpg;39;5;;;323;5;;;332;46;6;;;319;7;;;325;34;4;;;334;7;;;316
43994.jpg;41;7;;;444;6;;;513;42;6;;;313;7;;;329;41;5;;;337;6;;;332
44036.jpg;33;5;;;328;5;;;329;45;5;;;519;7;;;503;44;6;;;331;3;;;343
44038.jpg;39;5;;;326;5;;;358;37;5;;;331;5;;;327;50;6;;;508;4;;;518
4406.jpg;24;6;;;311;5;;;316;45;5;;;327;6;;;309;42;5;;;325;5;;;335
44078.jpg;46;6;;;523;6;;;518;41;6;;;330;6;;;324;45;5;;;325;5;;;341
44102.jpg;50;5;;;323;6;;;326;32;4;;;530;6;;;488;41;5;;;330;6;;;337
44120.jpg;56;5;;;331;4;;;324;36;6;;;317;6;;;312;43;5;;;535;6;;;503
44161.jpg;49;5;;;320;3;;;326;37;4;;;331;8;[[0.9188494011929982, -0.12353078139701741, 347.8341605398099], [0.06284000152990042, 0.8726510776685062, -412.19057818557843], [-6.929073325785352e-06, -5.045567087677238e-05, 0.9999999999999999]];[[8.841500445970266e-08, -1.6546619362836735e-06, 0.0002040081440445728], [1.5659573086415553e-06, 8.726417023357656e-08, -0.0020004148403031576], [-0.0010421630274674448, 0.001676634070021272, 1.0]];317;45;6;;;350;4;;;330
44167.jpg;51;6;;;512;5;;;516;36;4;;;329;13;[[0.7964345060402084, -0.1826237680952402, 257.25225114474443], [0.046770559323887274, 0.774235190180501, -430.67077068122455], [-3.249060451407104e-05, -0.00010055513873126209, 1.0]];[[-1.5815101584864437e-08, 1.5612126511363448e-06, 0.0017128796387351243], [-1.2453024318753874e-06, -1.4698531937597573e-07, 0.0011777692020879622], [-0.001244255719794885, -0.0015262104672785185, -0.32156232633116]];308;53;7;;;308;6;;;319
44203.jpg;56;7;;;315;5;;;332;56;6;;;503;3;;;531;55;6;;;306;5;;;328
44233.jpg;51;6;;;319;3;;;338;44;5;;;322;6;;;305;37;5;;;482;7;;;526
44245.jpg;54;4;;;344;5;;;348;49;6;;;339;5;;;342;57;5;;;349;6;;;337
4427.jpg;25;5;;;521;5;;;548;40;4;;;320;8;[[-4.316698774710101, -20.24933808126497, 5353.7351936947825], [0.47435475565712315, -8.109830127430886, 627.2250538186261], [-0.0007383567070589241, -0.013389393201966783, 1.0]];[[0.21577735453199692, 0.5566594014580484, -497.35711703302184], [-0.23309890486503382, -0.4980462361711743, 490.5778778770007], [-163.2572652741785, -452.22353673009127, 390341.4519550144]];307;34;7;;;362;6;;;340
44287.jpg;37;5;;;345;5;;;338;39;6;;;516;8;[[0.8629303712330841, -0.12041014811897102, 329.66563560174643], [0.05724459925103804, 0.8448228624158978, -399.0389836563807], [-3.209662628977753e-05, -5.170703513200488e-05, 1.0]];[[6.402830082385028e-06, 3.0187882847621832e-05, -0.05135414331211058], [-1.7312842628458775e-05, -1.7030422150033339e-06, 0.03041138247956078], [0.034766414433799825, -0.04232430455578736, 1.0]];529;30;5;;;343;6;;;318
44302.jpg;47;5;;;326;7;;;305;36;4;;;316;5;;;347;45;5;;;526;6;;;519
44329.jpg;37;4;;;333;6;;;335;32;5;;;327;5;;;345;49;6;;;322;5;;;333
44371.jpg;43;5;;;491;6;;;499;33;6;;;310;5;;;321;38;5;;;331;5;;;323
44374.jpg;45;6;;;307;5;;;340;24;5;;;508;6;;;519;37;5;;;328;7;;;312
4441.jpg;37;5;;;320;5;;;330;36;6;;;321;4;;;320;33;5;;;364;5;;;509
44411.jpg;46;5;;;331;5;;;321;49;8;[[-1.1140538392972992, -1.7497140454862052, 2302.2023875221485], [0.0884695966083402, -0.2754127303790563, -62.47121550062004], [-0.0004614859219496503, -0.0009469573140733038, 1.0]];[[-3.861961127071671e-08, 1.4234382234008046e-06, -0.0005558752388919675], [-2.385339667689361e-07, 1.6959888206408402e-06, -0.0005915660338920357], [0.00025990339063238405, -0.002735442949717568, 1.0]];312;5;;;322;48;6;;;305;7;;;328
44450.jpg;39;5;;;455;4;;;522;52;6;;;340;6;;;353;42;5;;;337;5;;;318
44453.jpg;28;4;;;321;6;;;323;40;6;;;412;5;;;531;44;5;;;339;4;;;338
44495.jpg;57;5;;;321;4;;;319;41;6;;;316;5;;;327;44;3;;;324;5;;;358
44531.jpg;44;5;;;486;5;;;323;35;4;;;316;6;;;316;34;6;;;315;5;;;323
44537.jpg;40;5;;;325;6;;;440;41;6;;;529;6;;;324;45;4;;;325;3;;;329
44578.jpg;41;5;;;324;5;;;315;30;2;;;314;6;;;307;42;5;;;508;5;;;465
44620.jpg;52;7;;;335;5;;;336;45;5;;;326;6;;;325;45;4;;;336;5;;;357
44621.jpg;47;6;;;503;7;;;434;39;5;;;331;6;;;313;48;7;;;304;5;;;312
44660.jpg;39;2;;;348;6;;;330;34;5;;;517;6;;;496;34;5;;;321;6;;;300
44702.jpg;33;4;;;325;5;;;341;40;5;;;337;5;;;329;33;5;;;532;6;;;515
44720.jpg;28;5;;;330;6;;;308;38;6;;;317;7;;;325;24;5;;;316;4;;;320
44743.jpg;40;4;;;518;6;;;513;54;6;;;318;5;;;334;40;5;;;327;7;;;314
4475.jpg;19;4;;;310;4;;;329;21;6;;;470;5;;;521;14;4;;;310;6;;;314
44783.jpg;38;3;;;320;6;;;331;48;4;;;323;5;;;307;34;5;;;420;4;;;542
44816.jpg;46;7;;;356;6;;;366;29;6;;;347;4;;;357;43;5;;;349;5;;;336
44825.jpg;39;5;;;527;5;;;608;37;5;;;364;6;;;330;47;6;;;319;6;;;340
44867.jpg;48;6;;;326;5;;;421;27;5;;;515;6;;;349;45;5;;;341;5;;;352
44908.jpg;37;6;;;324;4;;;351;14;4;;;336;6;;;506;33;5;;;476;6;;;367
44911.jpg;29;5;;;317;7;;;301;26;5;;;317;5;;;328;33;5;;;330;6;;;321
4492.jpg;30;5;;;506;4;;;366;34;6;;;305;6;;;323;20;5;;;317;5;;;317
44948.jpg;36;6;;;309;5;;;330;38;5;;;429;5;;;548;30;5;;;325;4;;;326
44990.jpg;33;6;;;308;6;;;321;38;5;;;337;6;;;322;37;5;;;521;6;;;503
45008.jpg;41;5;;;337;5;;;319;39;5;;;308;5;;;313;31;6;;;324;7;;;316
45034.jpg;40;6;;;527;5;;;541;49;5;;;340;6;;;324;37;5;;;328;8;[[0.07692691274871874, -0.2820081568878926, 267.40883599425], [0.00014389590498364486, 0.012019056907257583, 15.469288258109087], [-0.00017683742645456074, -0.0009696518508807672, 0.9999999999999999]];[[9.73927248059677e-07, -1.4045068547824259e-05, 0.0004620267146491215], [6.799413546305968e-06, 1.190523892238271e-06, -0.001938273563405119], [-0.0038741567302992244, 0.0013278680324792305, 1.0]];313
45073.jpg;25;5;;;315;8;[[0.7390909013175176, -1.5655913490172058, 1921.0742759879463], [1.4496759237192098, 1.8927970312548268, -2369.7061761763894], [0.0007953189689758996, -0.0004491240427290094, 1.0]];[[5.93672808463003e-07, -1.0855128272587155e-06, -6.903068411615769e-05], [1.7353707298343373e-07, 2.567621981729757e-07, -0.0009761019453254135], [-0.0010321988422905847, 0.001358882800600304, 1.0]];317;38;5;;;322;6;;;537;19;5;;;320;5;;;329
45109.jpg;48;4;;;327;5;;;316;39;5;;;329;7;;;319;41;5;;;372;4;;;564
45113.jpg;50;6;;;393;7;;;335;44;5;;;335;5;;;314;43;5;;;324;5;;;325
45155.jpg;51;6;;;318;5;;;332;53;5;;;508;6;;;333;46;6;;;314;5;;;332
45196.jpg;39;5;;;321;5;;;325;40;6;;;323;7;;;346;26;5;;;498;7;;;363
45209.jpg;39;5;;;343;6;;;329;47;5;;;322;8;[[0.8719518498295341, -0.2419673307367838, 194.8862104682572], [0.11788060060634643, 0.8605392695573796, -560.3668911851454], [-3.277260786259774e-05, -9.371050208551594e-05, 1.0]];[[1.9678501897494438e-07, -1.172939619031882e-06, 0.0007870602796073763], [1.2237258776696693e-06, 1.4460652076224262e-07, -0.0014796984229930444], [-0.001846822649365035, 0.0012208383467343978, 1.0]];311;42;6;;;321;7;;;379
45236.jpg;24;4;;;533;6;;;396;32;4;;;335;5;;;335;41;6;;;311;3;;;318
45278.jpg;32;5;;;326;6;;;352;40;4;;;534;4;;;448;23;4;;;330;4;;;339
4528.jpg;29;6;;;337;4;;;338;31;5;;;326;4;;;455;30;5;;;532;5;;;317
45313.jpg;21;4;;;319;4;;;344;25;5;;;326;6;;;322;26;5;;;320;4;;;400
45319.jpg;25;5;;;505;5;;;371;38;5;;;308;6;;;328;38;5;;;361;5;;;336
45359.jpg;35;4;;;350;6;;;327;33;4;;;504;7;;;448;34;5;;;340;7;;;313
45401.jpg;27;5;;;321;6;;;320;26;5;;;331;6;;;319;25;6;;;436;8;[[5.728730866757832, 3.4029067764627574, -3674.844551837983], [-2.5401642513834237, 6.424014973928888, -4255.918075859128], [-0.00023221016802308186, 0.0031337618333861627, 1.0]];[[-6.14119094019194e-07, -1.4062642263975581e-06, 0.0017703617167557524], [1.2383345708718763e-06, 1.7626563988119727e-07, -0.0017564823384095389], [-0.0014169271601648505, 0.0012792492802079932, 1.0]];522
45418.jpg;31;4;;;333;6;;;332;26;5;;;346;5;;;340;44;6;;;313;4;;;339
45442.jpg;31;5;;;548;6;;;471;28;5;;;324;4;;;337;34;6;;;322;5;;;343
45482.jpg;31;5;;;333;5;;;362;27;5;;;524;5;;;430;37;6;;;324;5;;;346
45518.jpg;35;6;;;322;6;;;325;28;6;;;323;7;;;315;30;4;;;525;6;;;433
45524.jpg;37;6;;;325;5;;;324;32;5;;;335;5;;;392;33;5;;;335;6;;;364
45563.jpg;27;5;;;523;6;;;415;28;5;;;365;5;;;347;35;5;;;371;9;[[0.6637672004752831, -1.0306210111279055, 791.7538784446286], [0.09364096367867561, 0.33250462633666855, -223.2404242332072], [6.793168627298309e-05, -0.0006482051511457641, 1.0]];[[3.0735614152116095e-07, -2.290676725295889e-06, 0.00037759393093769636], [1.976028443970252e-06, 1.0395730333714405e-06, -0.0014186231803268706], [-0.0018862079679788808, 0.00045938652908399504, 1.0]];314
45605.jpg;22;5;;;325;6;;;472;22;5;;;477;5;;;352;23;4;;;346;10;[[0.5996871434921212, -0.7832515344544254, 840.6772931919121], [0.09138354922645316, 0.2428504891077134, -49.55278207878923], [2.1662287571825057e-05, -0.00048595704576285024, 1.0]];[[1.5327011602924e-07, -1.204129037906292e-06, 0.0005573484239873219], [1.0356667153757181e-06, 8.936232461388741e-07, -0.0012375223601681891], [-0.0012110287608519555, -0.00023811139472985042, 1.0]];333
45617.jpg;24;5;;;329;5;;;332;28;5;;;377;6;;;518;29;5;;;435;6;;;336
45644.jpg;28;5;;;353;4;;;325;15;4;;;309;5;;;329;23;5;;;354;5;;;529
45686.jpg;25;5;;;409;5;;;312;31;5;;;321;6;;;334;37;5;;;330;5;;;324
45719.jpg;20;5;;;304;6;;;299;27;5;;;511;5;;;450;26;4;;;336;5;;;327
45725.jpg;19;5;;;310;5;;;310;33;4;;;331;4;;;358;30;5;;;552;5;;;447
45767.jpg;26;5;;;333;4;;;312;27;5;;;321;6;;;311;29;5;;;332;4;;;373
45806.jpg;31;5;;;498;4;;;454;37;5;;;337;6;;;321;34;5;;;329;5;;;319
45818.jpg;16;4;;;305;4;;;320;31;5;;;464;5;;;488;33;4;;;320;5;;;322
45847.jpg;18;4;;;308;6;;;351;19;5;;;299;4;;;324;43;6;;;446;6;;;535
45887.jpg;9;4;;;312;5;;;311;19;4;;;318;6;;;324;36;5;;;320;6;;;307
45917.jpg;16;5;;;493;5;;;505;18;5;;;302;5;;;326;44;6;;;316;6;;;307
45926.jpg;19;4;;;313;6;;;302;33;5;;;468;6;;;518;35;4;;;334;5;;;327
45968.jpg;28;5;;;326;5;;;315;23;5;;;315;5;;;333;39;5;;;466;6;;;519
4598.jpg;25;6;;;310;4;;;339;29;5;;;348;4;;;316;25;5;;;321;5;;;329
46007.jpg;28;5;;;401;5;;;505;22;5;;;378;5;;;323;49;5;;;336;7;;;315
46016.jpg;18;4;;;309;5;;;312;26;5;;;305;5;;;310;53;6;;;543;4;;;330
46049.jpg;25;5;;;316;5;;;306;23;4;;;332;5;;;309;47;8;[[-0.6835600283202063, 0.1785580708746115, 1139.2512612318212], [0.02869623435824915, 1.1596423018872368, -76.53527381565024], [-0.0009077288168249574, 0.0012831351169668107, 1.0]];[[2.9372618280790383e-07, 8.592134297484414e-07, -0.000513749053373585], [1.3899308922354572e-06, 2.112038706551242e-06, -0.0017929309916990162], [-0.0006044975023717646, -0.001592821765659942, 1.0]];329;4;;;471
46091.jpg;29;5;;;532;4;;;311;33;5;;;333;5;;;322;48;6;;;329;6;;;334
46127.jpg;15;4;;;309;5;;;401;26;5;;;519;4;;;349;48;5;;;322;4;;;329
46133.jpg;20;4;;;304;4;;;305;22;4;;;321;5;;;368;41;6;;;521;4;;;417
46175.jpg;22;5;;;312;4;;;324;25;4;;;342;5;;;326;44;6;;;324;5;;;392
4621.jpg;35;4;;;524;6;;;375;36;6;;;326;5;;;334;32;5;;;350;5;;;334
46217.jpg;25;5;;;312;5;;;438;26;5;;;529;6;;;318;35;6;;;322;5;;;334
46237.jpg;33;6;;;314;5;;;333;27;5;;;323;4;;;313;39;6;;;477;5;;;474
46258.jpg;37;5;;;351;6;;;316;29;5;;;319;6;;;321;48;4;;;333;5;;;320
46298.jpg;26;5;;;580;5;;;449;41;5;;;323;6;;;329;57;6;;;322;6;;;325
46339.jpg;32;4;;;330;5;;;316;38;6;;;415;5;;;517;42;7;;;325;6;;;321
46340.jpg;42;6;;;318;5;;;327;35;5;;;328;5;;;306;55;5;;;510;6;;;522
46378.jpg;27;4;;;350;4;;;335;37;5;;;332;6;;;309;48;5;;;312;6;;;325
46418.jpg;36;6;;;512;6;;;531;29;5;;;340;5;;;344;37;5;;;339;4;;;339
46445.jpg;34;4;;;336;6;;;324;28;6;;;503;6;;;461;39;5;;;329;5;;;322
46457.jpg;28;7;;;318;6;;;299;35;6;;;354;6;;;340;59;5;;;381;6;;;520
46496.jpg;32;5;;;317;5;;;310;30;6;;;305;5;;;330;56;6;;;327;6;;;321
46535.jpg;22;4;;;503;5;;;554;30;5;;;323;5;;;323;50;5;;;330;5;;;326
46550.jpg;27;4;;;327;3;;;326;20;5;;;479;5;;;542;40;5;;;325;6;;;314
46574.jpg;30;5;;;324;4;;;309;22;4;;;320;6;;;310;44;5;;;508;6;;;499
46613.jpg;36;5;;;335;4;;;313;23;5;;;318;3;;;329;44;5;;;321;5;;;358
46651.jpg;27;6;;;332;5;;;515;25;5;;;334;6;;;308;48;6;;;309;6;;;314
46652.jpg;24;5;;;310;4;;;298;31;6;;;304;5;;;508;37;6;;;487;5;;;317
4667.jpg;29;5;;;311;6;;;325;37;4;;;335;6;;;322;29;4;;;332;6;;;463
46691.jpg;23;5;;;507;5;;;319;22;5;;;311;4;;;332;54;5;;;330;6;;;326
46729.jpg;22;4;;;324;5;;;429;31;5;;;526;5;;;381;45;6;;;315;4;;;322
46750.jpg;18;5;;;299;5;;;298;24;5;;;312;5;;;318;45;6;;;526;8;[[0.7709238107070231, -0.05405980380387189, 67.69666450036812], [0.014008699932420352, 0.9799623362728753, -505.01092081935536], [-0.00019160213302664347, 8.510661531807706e-05, 1.0]];[[-3.6701122797679915e-05, 1.9578991997196536e-05, 0.07752209317630335], [1.816256486528859e-05, -5.944210962717677e-06, -0.05858132945185362], [-0.025651903243591918, 0.02353604043648377, 1.0]];449
46770.jpg;14;4;;;314;5;;;323;19;5;;;307;5;;;323;37;6;;;323;7;;;322
46805.jpg;22;5;;;515;6;;;529;22;5;;;316;5;;;336;42;4;;;323;6;;;315
46844.jpg;32;6;;;308;5;;;311;26;5;;;501;4;;;528;45;5;;;355;6;;;320
46850.jpg;27;5;;;320;5;;;339;16;4;;;316;6;;;350;39;5;;;511;6;;;520
46883.jpg;17;4;;;318;5;;;339;28;4;;;326;6;;;311;43;5;;;313;4;;;327
46921.jpg;23;5;;;494;5;;;591;36;5;;;313;6;;;310;33;6;;;309;5;;;323
46958.jpg;20;5;;;306;5;;;304;26;4;;;487;5;;;531;42;7;;;313;5;;;323
46960.jpg;17;5;;;313;5;;;325;30;5;;;322;5;;;316;34;5;;;450;5;;;547
46997.jpg;24;5;;;351;4;;;318;25;5;;;321;5;;;322;46;5;;;347;4;;;350
47036.jpg;23;5;;;309;4;;;397;24;5;;;437;6;;;311;38;4;;;319;6;;;322
47069.jpg;27;5;;;311;5;;;310;35;5;;;318;5;;;456;39;5;;;529;6;;;318
47075.jpg;31;5;;;336;5;;;308;34;5;;;323;6;;;318;44;6;;;316;6;;;350
47114.jpg;22;5;;;505;5;;;420;19;4;;;317;5;;;323;42;6;;;324;6;;;315
47152.jpg;24;5;;;308;5;;;312;32;5;;;532;5;;;534;45;6;;;348;4;;;338
47177.jpg;27;6;;;331;5;;;329;32;6;;;333;6;;;317;35;5;;;526;5;;;519
47191.jpg;11;4;;;314;6;;;312;34;5;;;317;5;;;318;41;5;;;350;5;;;350
47228.jpg;21;4;;;529;6;;;517;40;5;;;338;4;;;325;40;5;;;318;5;;;378
47267.jpg;36;5;;;331;5;;;317;38;5;;;504;4;;;533;34;5;;;329;4;;;339
47288.jpg;19;4;;;310;4;;;326;34;5;;;324;4;;;336;28;4;;;547;5;;;532
47306.jpg;38;4;;;323;7;;;297;45;6;;;327;5;;;333;37;5;;;327;7;;;321
47345.jpg;22;6;;;495;5;;;531;29;6;;;313;7;;;315;24;5;;;308;5;;;331
47383.jpg;23;5;;;320;6;;;302;53;5;;;501;6;;;512;41;5;;;329;4;;;329
4739.jpg;42;6;;;313;5;;;326;36;6;;;323;5;;;320;37;6;;;465;5;;;524
47402.jpg;19;5;;;309;5;;;322;25;4;;;329;7;;;300;34;6;;;311;6;;;322
47420.jpg;31;4;;;316;5;;;413;33;6;;;421;6;;;311;34;6;;;310;5;;;339
47458.jpg;16;5;;;300;5;;;297;26;5;;;315;7;;;310;36;4;;;526;6;;;404
47495.jpg;10;4;;;305;4;;;315;30;5;;;336;5;;;324;27;5;;;317;4;;;327
47531.jpg;19;4;;;508;4;;;474;33;4;;;332;6;;;316;37;5;;;334;6;;;344
47554.jpg;13;6;;;312;5;;;307;25;4;;;522;6;;;451;31;5;;;328;5;;;337
47567.jpg;11;5;;;347;5;;;337;26;5;;;339;6;;;407;31;5;;;522;6;;;389
47603.jpg;14;4;;;322;4;;;340;19;5;;;319;6;;;319;39;5;;;332;5;;;334
47641.jpg;14;2;;;535;4;;;354;25;4;;;376;5;;;348;40;4;;;351;4;;;325
47677.jpg;14;5;;;346;4;;;517;23;5;;;420;4;;;322;37;5;;;320;6;;;317
47714.jpg;28;6;;;302;5;;;348;38;4;;;304;5;;;505;33;5;;;484;5;;;334
47716.jpg;23;4;;;322;5;;;311;22;5;;;311;6;;;322;45;5;;;339;5;;;506
47752.jpg;11;4;;;507;4;;;322;24;5;;;326;5;;;313;41;6;;;323;5;;;313
47788.jpg;14;4;;;315;6;;;387;24;5;;;503;6;;;386;35;5;;;353;5;;;336
4810.jpg;47;4;;;337;6;;;306;25;5;;;323;4;;;414;26;4;;;524;6;;;412
4880.jpg;31;7;;;316;6;;;316;31;6;;;320;6;;;310;26;5;;;312;5;;;327
4889.jpg;40;6;;;543;5;;;478;23;5;;;330;5;;;327;30;5;;;319;6;;;311
4952.jpg;25;4;;;328;5;;;328;23;5;;;507;4;;;527;30;5;;;323;5;;;332
5027.jpg;30;5;;;340;5;;;321;21;5;;;313;5;;;309;18;4;;;509;5;;;517
5102.jpg;29;5;;;325;6;;;328;23;5;;;330;7;;;312;31;6;;;313;6;;;363
5132.jpg;32;6;;;529;7;;;520;26;5;;;343;6;;;330;31;4;;;348;4;;;329
5180.jpg;29;5;;;320;5;;;329;24;4;;;513;6;;;489;27;5;;;326;5;;;333
5261.jpg;40;6;;;320;7;;;322;32;7;;;317;5;;;346;20;4;;;512;6;;;515
5339.jpg;37;6;;;314;6;;;329;34;5;;;326;7;;;314;24;5;;;325;5;;;320
5357.jpg;33;5;;;514;6;;;516;28;4;;;328;5;;;310;37;5;;;324;5;;;306
5420.jpg;33;5;;;331;3;;;325;20;4;;;521;6;;;529;26;5;;;325;5;;;315
5500.jpg;23;5;;;305;6;;;333;28;6;;;312;5;;;333;26;4;;;537;5;;;518
5567.jpg;20;6;;;329;5;;;350;25;4;;;330;5;;;310;20;4;;;308;5;;;333
5579.jpg;19;4;;;467;6;;;506;15;4;;;308;4;;;330;17;4;;;314;5;;;321
5662.jpg;15;4;;;302;4;;;326;21;5;;;392;5;;;527;15;6;;;374;5;;;338
5744.jpg;24;5;;;329;6;;;326;18;3;;;330;4;;;349;30;6;;;478;4;;;521
5792.jpg;39;7;;;365;5;;;347;16;4;;;319;5;;;317;26;6;;;309;5;;;321
5827.jpg;30;6;;;390;6;;;509;22;5;;;389;3;;;345;26;6;;;326;5;;;339
5909.jpg;27;5;;;329;6;;;323;22;5;;;353;7;;;494;28;4;;;467;5;;;318
5993.jpg;14;5;;;312;5;;;310;11;4;;;303;7;;;304;34;6;;;312;6;;;409
6017.jpg;21;6;;;516;4;;;378;20;5;;;313;5;;;305;29;5;;;319;5;;;332
6077.jpg;17;5;;;306;4;;;319;13;4;;;502;5;;;482;24;5;;;336;5;;;315
6158.jpg;22;4;;;317;8;[[0.9523605985691906, 0.39964408223122994, 12.2801121177884], [-0.21614447634427225, 1.0341804301533821, -25.646769202275227], [-3.345962883531886e-05, 0.00011862796573125027, 1.0]];[[0.0003580761080944605, 0.0012319863481016302, 0.7973502223521587], [-0.0014851048756922424, 0.0003582260749345806, 1.6513814680074053], [-1.1195263169726954, -1.1016375222410617, 1.0]];309;19;5;;;323;6;;;331;27;4;;;528;6;;;508
6226.jpg;23;5;;;313;7;;;326;19;5;;;324;5;;;335;24;5;;;320;5;;;319
6236.jpg;23;5;;;538;5;;;542;15;5;;;307;10;[[1.2007044095929906, 0.1767231267286501, 20.35024066003432], [-0.16192721212577785, 1.044389181326652, -187.3162656691855], [5.8897023709406646e-05, -4.803417024056364e-05, 1.0]];[[8.121775589432501e-07, 5.68090682773125e-06, -6.366955261334628e-05], [-4.994666366091079e-06, 1.486864976754933e-06, 0.008034334520794233], [-0.0003436034926708039, -0.007947592158878945, -1.1364302400205029]];307;23;6;;;304;4;;;328
6310.jpg;21;4;;;327;6;;;329;34;5;;;517;4;;;543;28;5;;;323;5;;;308
6382.jpg;29;5;;;332;5;;;326;29;5;;;322;6;;;311;35;5;;;526;5;;;520
6428.jpg;18;4;;;313;5;;;336;25;4;;;327;7;;;322;22;5;;;329;4;;;336
6452.jpg;29;5;;;313;5;;;467;42;5;;;394;7;;;313;33;4;;;311;7;;;315
6521.jpg;22;4;;;309;5;;;319;29;6;;;349;5;;;521;36;6;;;445;5;;;328
6590.jpg;12;5;;;319;5;;;320;36;4;;;323;5;;;316;42;5;;;316;6;;;524
6614.jpg;22;5;;;497;5;;;336;24;4;;;339;6;;;330;33;4;;;343;5;;;325
6658.jpg;17;4;;;345;5;;;528;37;5;;;465;5;;;340;30;5;;;326;5;;;320
6724.jpg;15;4;;;300;6;;;310;28;4;;;327;5;;;533;33;5;;;486;5;;;323
6790.jpg;18;5;;;309;6;;;316;36;6;;;334;6;;;328;31;4;;;347;6;;;318
6809.jpg;16;5;;;505;5;;;424;38;4;;;351;7;;;323;32;5;;;332;5;;;324
6854.jpg;39;6;;;317;6;;;426;38;4;;;507;4;;;342;46;6;;;306;7;;;311
6920.jpg;22;5;;;308;5;;;332;30;5;;;328;5;;;328;38;5;;;538;5;;;443
6985.jpg;36;6;;;324;3;;;324;36;5;;;339;5;;;330;44;6;;;312;5;;;366
7016.jpg;23;7;;;507;5;;;436;31;5;;;329;6;;;330;29;6;;;312;6;;;330
7049.jpg;30;4;;;334;3;;;324;30;6;;;498;5;;;460;34;6;;;312;4;;;326
7112.jpg;22;5;;;312;4;;;324;29;6;;;314;5;;;317;37;6;;;515;5;;;535
7175.jpg;21;5;;;312;5;;;341;34;6;;;317;5;;;340;38;5;;;338;5;;;350
7226.jpg;24;5;;;512;5;;;557;51;4;;;339;5;;;333;50;7;;;314;5;;;322
7238.jpg;26;5;;;325;5;;;481;41;5;;;537;5;;;315;33;5;;;323;5;;;339
7301.jpg;30;5;;;333;5;;;324;44;4;;;330;6;;;314;38;5;;;515;5;;;389
7364.jpg;23;6;;;309;5;;;359;40;4;;;357;5;;;349;41;4;;;340;6;;;427
7426.jpg;17;5;;;506;4;;;377;44;5;;;328;10;[[1.4831839615924494, 0.14982535358680205, -194.69585916484826], [-0.10289607114277659, 1.2193162029420328, -201.93784038569976], [0.000274755359207842, 0.00010831915155849732, 1.0]];[[-7.026929169310338e-07, -1.126816927841321e-05, 0.001561301880848848], [1.012193040898285e-05, -6.231788366348658e-07, -0.0059641405781606], [-0.0027899684529242414, 0.006520660042759243, 1.0]];312;40;5;;;335;4;;;322
7439.jpg;18;4;;;316;5;;;411;43;5;;;511;6;;;365;43;4;;;320;5;;;327
7487.jpg;16;4;;;320;6;;;321;39;5;;;331;9;[[1.0633933176567374, 0.0026767739978435807, 142.09454036340185], [-0.08683557370895699, 0.9520576891669041, -214.9620494282921], [3.608792807006978e-05, -0.00013752143825537742, 1.0]];[[-5.240600483664899e-07, -4.338475388035618e-06, 0.003662188530270613], [4.404399302082194e-06, -7.489488900543213e-08, -0.0008602884484615035], [-0.004246891370710667, 0.00024181034198149907, 0.6906525658573348]];364;43;4;;;518;5;;;435
7550.jpg;28;4;;;331;5;;;342;56;4;;;314;6;;;325;51;4;;;352;6;;;314
7610.jpg;28;5;;;448;4;;;516;43;6;;;322;6;;;309;44;6;;;328;6;;;306
7654.jpg;23;4;;;318;4;;;318;41;5;;;530;5;;;557;50;5;;;338;5;;;326
7673.jpg;31;6;;;310;5;;;338;42;5;;;336;5;;;361;43;5;;;548;6;;;450
7733.jpg;31;5;;;340;5;;;328;32;5;;;324;5;;;331;41;7;;;304;5;;;319
7798.jpg;34;5;;;410;4;;;512;42;4;;;349;4;;;346;41;4;;;340;6;;;319
7862.jpg;20;5;;;309;6;;;315;28;5;;;500;6;;;570;39;3;;;335;5;;;332
7898.jpg;27;6;;;318;5;;;325;36;4;;;359;6;;;318;45;5;;;527;5;;;542
7930.jpg;25;5;;;339;6;;;331;50;6;;;319;7;;;330;41;5;;;328;5;;;352
7997.jpg;30;5;;;527;6;;;475;31;5;;;334;5;;;329;42;5;;;318;6;;;304
8066.jpg;23;4;;;320;6;;;310;26;6;;;400;5;;;541;32;5;;;329;3;;;374
8123.jpg;21;4;;;314;4;;;323;23;5;;;311;7;;;335;30;4;;;534;6;;;512
8131.jpg;22;4;;;323;6;;;311;23;4;;;310;5;;;339;29;7;;;316;5;;;325
8195.jpg;22;5;;;533;5;;;533;26;5;;;325;5;;;328;24;5;;;314;5;;;331
8258.jpg;19;4;;;315;5;;;318;27;5;;;501;5;;;529;16;4;;;309;5;;;320
8323.jpg;28;5;;;319;5;;;310;27;5;;;321;5;;;342;25;5;;;501;5;;;535
8342.jpg;26;5;;;354;6;;;342;37;6;;;332;5;;;330;31;4;;;329;6;;;321
8387.jpg;33;4;;;313;6;;;505;24;4;;;361;6;;;307;25;5;;;313;4;;;470
8453.jpg;31;6;;;309;5;;;305;34;6;;;349;4;;;400;32;4;;;434;5;;;361
8519.jpg;27;6;;;316;4;;;322;36;4;;;326;5;;;322;31;5;;;359;7;;;333
8585.jpg;20;5;;;306;4;;;313;33;4;;;314;4;;;324;22;5;;;304;5;;;313
8651.jpg;20;5;;;292;5;;;306;38;7;;;310;5;;;319;32;6;;;308;6;;;305
8681.jpg;26;5;;;304;5;;;311;22;5;;;307;5;;;323;19;4;;;306;7;;;303
8717.jpg;28;5;;;324;5;;;288;24;5;;;302;5;;;325;20;5;;;304;7;;;304
8783.jpg;30;4;;;312;6;;;302;27;5;;;313;6;;;294;22;4;;;298;5;;;317
8839.jpg;21;5;;;309;5;;;339;33;5;;;334;5;;;323;24;5;;;308;6;;;319
8849.jpg;30;4;;;307;6;;;298;23;4;;;313;7;;;313;20;4;;;301;6;;;317
8915.jpg;27;5;;;313;6;;;319;39;6;;;314;6;;;298;34;5;;;334;8;[[-4.527937659961621, -1.0369168615561062, 1806.0069158463996], [1.4293921240564527, -3.634979282312712, 1276.9220390748098], [-0.00036493320844260666, -0.0030560303150395304, 1.0]];[[8.263859637288651e-07, 1.5562978597880195e-06, -0.0020787506605571358], [1.5499975587826317e-07, 2.389964746656313e-07, -0.00032608108956011126], [-0.0003504789721624209, -0.0007581870981889484, 1.0]];319
8978.jpg;26;6;;;320;6;;;317;37;4;;;311;5;;;323;34;6;;;294;8;[[0.6590103128572145, -0.021981667203225357, 242.55947885295143], [-0.18743255398387623, 0.7150053282318539, 48.45763143244442], [-9.411192850445168e-05, -0.00013321097800345676, 1.0]];[[-6.386151567125523e-07, -4.506929157283034e-06, 0.005094187008201597], [5.0113289089113406e-06, -8.163964953499131e-07, -0.004814618516746175], [-0.005386227106660597, 0.005173702769556927, 1.0]];296
8995.jpg;27;4;;;334;5;;;335;25;5;;;318;6;;;309;30;6;;;308;6;;;317
9043.jpg;43;6;;;302;5;;;312;40;5;;;321;8;[[0.33397053856047326, 0.21814731723376865, 7.084028033511997], [-0.4964526312747198, 0.3855447741566342, 434.659835405159], [-0.0007513885797401342, 0.0002250262667700504, 1.0]];[[7.774443974973781e-07, 2.814895221895853e-06, -0.0012252890985823333], [-9.77885114161959e-07, -5.871944081472703e-07, 0.0015020569104227041], [-0.0006313027420829611, -0.002665883808039289, 1.0]];296;29;5;;;323;8;[[0.9941734270389548, -0.2698991831340512, 247.20563298616503], [-0.10275057949074205, 0.7675792344225254, -71.14896180624793], [0.00012946921727969126, -0.0004351634786076403, 1.0]];[[1.7377682781662387e-07, -2.482936047580384e-06, 0.00044846951011545504], [2.425900572640322e-06, 3.994678681267892e-06, -0.0016057936495469426], [-0.0015081205234186983, -0.0024918373921149796, 1.0]];302
9107.jpg;32;5;;;303;6;;;329;33;5;;;314;7;;;309;35;5;;;325;8;[[1.1168415065683004, -0.47528747717071385, 259.45778841048696], [-0.018830382621083178, 0.6279928842760473, -13.451784977312782], [0.00023414792287666992, -0.0005065925538492406, 1.0]];[[0.49726911550205416, 2.8526792452629914, -2120.256064747435], [-3.327969946625079, 1.4725833806089756, 4870.269413657531], [1797.1427540539478, -5533.1090532397375, -482817.57267668744]];296
9143.jpg;40;6;;;297;5;;;301;36;6;;;324;7;;;321;49;6;;;315;6;;;305
9173.jpg;38;5;;;314;4;;;343;35;6;;;299;10;[[0.8123033346125992, -0.024097103826563233, 329.71263709702345], [-0.10381391615494448, 0.7727468851623681, -95.50974797125426], [-4.124294748634837e-05, -9.267891925921859e-05, 1.0]];[[-2.2259995969187584e-07, -2.292324117402525e-06, 0.001967116925641179], [2.1978806075806904e-06, -3.362022252964418e-07, -0.003351709257642714], [-0.002078118905251804, 0.0034180934917376997, 1.0]];287;40;5;;;334;8;[[0.909099957568571, -0.6936395058398015, 567.3156300097836], [0.1465214120115438, 0.18327234354196745, 49.92358752454373], [0.00016306340476934344, -0.0005457859182217942, 1.0]];[[1.704387315142194e-07, -1.8127143628091094e-06, 0.0011786838414216266], [1.5977130721979465e-06, -6.570316201040239e-07, -0.0022502452914788043], [-0.00209190011739928, 0.003250849920842472, 1.0]];330
9241.jpg;45;6;;;301;5;;;317;50;7;;;296;6;;;332;37;6;;;307;5;;;318
9281.jpg;31;6;;;313;5;;;309;32;6;;;306;5;;;330;38;4;;;309;5;;;319
9308.jpg;43;4;;;311;7;;;292;45;4;;;347;6;;;331;38;5;;;312;5;;;328
9376.jpg;46;5;;;315;5;;;308;39;6;;;297;6;;;299;39;5;;;306;5;;;305
9418.jpg;42;4;;;302;5;;;312;40;5;;;303;8;[[0.8831386756268029, -0.018794659615139483, 410.40375787582343], [-0.08073628943859847, 0.8269929078395177, -55.160720192423675], [2.0396370945837306e-06, -9.241250839212057e-05, 1.0]];[[-2.2274281125444507e-07, -2.4491476167531096e-06, 0.0017214204162612238], [2.514261923956355e-06, -2.1173839325689076e-07, -0.004182159419857239], [-0.0017190328630852212, 0.003541585227785724, 1.0]];307;37;6;;;318;6;;;314
9443.jpg;38;5;;;306;6;;;303;37;5;;;308;5;;;325;33;5;;;317;4;;;322
9512.jpg;27;5;;;302;6;;;305;44;6;;;299;5;;;322;32;4;;;345;6;;;322
9548.jpg;34;5;;;313;4;;;316;39;5;;;312;6;;;314;37;7;;;291;5;;;321
9581.jpg;23;5;;;301;5;;;314;20;5;;;302;6;;;292;31;5;;;304;5;;;344
9649.jpg;27;5;;;305;5;;;300;26;5;;;328;6;;;324;25;6;;;306;5;;;319
9680.jpg;31;5;;;322;5;;;312;22;4;;;295;5;;;306;29;5;;;299;5;;;311
9718.jpg;21;5;;;296;6;;;324;26;5;;;307;7;;;311;17;5;;;296;5;;;320
9788.jpg;15;4;;;294;5;;;313;16;5;;;292;7;;;297;17;5;;;294;5;;;315
9812.jpg;20;5;;;298;4;;;337;21;5;;;308;6;;;325;16;4;;;302;7;;;303
9859.jpg;17;4;;;293;5;;;312;15;5;;;290;7;;;334;14;4;;;313;6;;;319
9929.jpg;19;5;;;287;6;;;294;13;4;;;290;6;;;300;16;5;;;304;5;;;325
9940.jpg;15;5;;;308;7;;;305;15;6;;;296;5;;;308;15;5;;;298;6;;;306
